Time,GCD,DOT,Longyin,Longya,Pofeng,Chuanyun,Zhanbafang,Mie,Liuxue,Poxue,Fenghu,Xunhuan
960,24,32,6.902,3.642,1,0.897,1.606,1.633,27.042,61.067,FALSE,A
960,24,32,2.082,13.282,0,4.295,4.661,0,0,0,TRUE,A
960,24,32,6.91,3.363,1,0,1.529,0,28.671,62.191,FALSE,B
960,24,32,1.927,12.827,0,4.215,5.089,0,0,0,TRUE,B
960,23,31,7.254,3.831,1,0.95,1.638,1.733,32.758,64.709,FALSE,A
960,23,31,2.218,13.979,0,4.484,4.913,0,0,0,TRUE,A
960,23,31,7.043,3.453,1,0,1.487,0,33.11,65.173,FALSE,B
960,23,31,1.978,13.177,0,4.269,5.298,0,0,0,TRUE,B
960,23,30,7.254,3.831,1,0.95,1.638,1.733,33.495,66.322,FALSE,A
960,23,30,2.218,13.979,0,4.484,4.913,0,0,0,TRUE,A
960,23,30,6.803,3.917,1,0,2.374,0,35.058,69.979,FALSE,B
960,23,30,1.877,12.326,0,4.816,4.703,0,0,0,TRUE,B
960,22,30,6.409,6.125,1,2.961,2.55,2.321,34.585,70.477,FALSE,A
960,22,30,1.856,11.52,0,5.46,3.798,0,0,0,TRUE,A
960,22,30,6.898,6.756,1,2.828,2.313,0,34.196,72.601,FALSE,B
960,22,30,1.878,11.875,0,5.672,4.741,0,0,0,TRUE,B
960,22,29,6.409,6.125,1,2.961,2.55,2.321,35.354,72.478,FALSE,A
960,22,29,1.856,11.52,0,5.46,3.798,0,0,0,TRUE,A
960,22,29,6.898,6.756,1,2.828,2.313,0,36.08,72.799,FALSE,B
960,22,29,1.878,11.875,0,5.672,4.741,0,0,0,TRUE,B
960,21,29,6.721,6.437,1,3.131,2.592,2.471,36.145,74.503,FALSE,A
960,21,29,1.938,12.057,0,5.679,3.974,0,0,0,TRUE,A
960,21,29,7.041,6.866,1,2.86,2.296,0,36.695,74.497,FALSE,B
960,21,29,1.911,12.136,0,5.806,4.801,0,0,0,TRUE,B
960,21,28,6.721,6.437,1,3.131,2.592,2.471,32.264,75.322,FALSE,A
960,21,28,1.938,12.057,0,5.679,3.974,0,0,0,TRUE,A
960,21,28,7.035,6.867,1,2.844,2.341,0,33.781,75.147,FALSE,B
960,21,28,1.911,12.137,0,5.83,4.759,0,0,0,TRUE,B
960,20,27,6.996,6.72,1,3.313,2.661,2.592,38.013,79.225,FALSE,A
960,20,27,2.029,12.619,0,5.871,4.199,0,0,0,TRUE,A
960,20,27,6.961,7.059,1,2.284,3.545,0,38.04,77.95,FALSE,B
960,20,27,1.936,12.171,0,6.377,4.205,0,0,0,TRUE,B
960,20,26,6.996,6.72,1,3.313,2.661,2.592,38.915,81.625,FALSE,A
960,20,26,2.029,12.619,0,5.871,4.199,0,0,0,TRUE,A
960,20,26,7.027,7.047,1,2.211,3.755,0,40.582,86.775,FALSE,B
960,20,26,1.88,12.109,0,6.22,4.245,0,0,0,TRUE,B
960,19,26,7.403,7.149,1,3.606,2.75,2.798,40.21,84.637,FALSE,A
960,19,26,2.168,13.42,0,6.203,4.503,0,0,0,TRUE,A
960,19,26,7.182,7.241,1,2.352,3.675,0,42.489,89.16,FALSE,B
960,19,26,1.969,12.59,0,6.512,4.281,0,0,0,TRUE,B
960,19,25,7.403,7.149,1,3.606,2.75,2.798,41.009,86.728,FALSE,A
960,19,25,2.168,13.42,0,6.203,4.503,0,0,0,TRUE,A
960,19,25,7.139,7.171,1,1.966,4.334,0,42.2,87.077,FALSE,B
960,19,25,1.884,12.299,0,6.674,4.386,0,0,0,TRUE,B
1440,24,32,10.304,5.426,1,1.475,1.953,2.635,40.539,99.836,FALSE,A
1440,24,32,3.219,20.421,0,6.209,7.358,0,0,0,TRUE,A
1440,24,32,10.318,5.099,1,0,1.696,0,43.211,101.433,FALSE,B
1440,24,32,3.008,19.692,0,6.007,8.162,0,0,0,TRUE,B
1440,23,31,10.817,5.695,1,1.568,2.014,2.769,49.413,105.041,FALSE,A
1440,23,31,3.379,21.516,0,6.494,7.748,0,0,0,TRUE,A
1440,23,31,10.464,5.221,1,0,1.741,0,49.899,105.981,FALSE,B
1440,23,31,3.054,20.04,0,6.095,8.253,0,0,0,TRUE,B
1440,23,30,10.817,5.695,1,1.568,2.014,2.769,50.445,107.539,FALSE,A
1440,23,30,3.379,21.516,0,6.494,7.748,0,0,0,TRUE,A
1440,23,30,10.117,5.94,1,0,2.956,0,52.824,113.126,FALSE,B
1440,23,30,2.881,18.822,0,6.843,7.488,0,0,0,TRUE,B
1440,22,30,9.54,9.37,1,4.958,3.22,3.735,52.153,114.412,FALSE,A
1440,22,30,2.8,17.493,0,7.833,6.051,0,0,0,TRUE,A
1440,22,30,10.195,10.285,1,4.471,2.862,0,51.246,117.591,FALSE,B
1440,22,30,2.785,17.833,0,8.247,7.347,0,0,0,TRUE,B
1440,22,29,9.54,9.37,1,4.958,3.22,3.735,53.318,117.601,FALSE,A
1440,22,29,2.8,17.493,0,7.833,6.051,0,0,0,TRUE,A
1440,22,29,10.195,10.285,1,4.471,2.862,0,54.279,117.945,FALSE,B
1440,22,29,2.785,17.833,0,8.247,7.347,0,0,0,TRUE,B
1440,21,29,9.961,9.783,1,5.23,3.32,3.915,54.706,120.823,FALSE,A
1440,21,29,2.935,18.335,0,8.154,6.367,0,0,0,TRUE,A
1440,21,29,10.368,10.657,1,4.527,2.949,0,55.337,120.64,FALSE,B
1440,21,29,2.85,18.23,0,8.498,7.433,0,0,0,TRUE,B
1440,21,28,9.961,9.783,1,5.23,3.32,3.915,48.053,120.823,FALSE,A
1440,21,28,2.935,18.335,0,8.154,6.367,0,0,0,TRUE,A
1440,21,28,10.357,10.668,1,4.497,3.023,0,50.273,120.712,FALSE,B
1440,21,28,2.844,18.216,0,8.538,7.372,0,0,0,TRUE,B
1440,20,27,10.384,10.182,1,5.502,3.42,4.109,57.32,127.525,FALSE,A
1440,20,27,3.083,19.193,0,8.48,6.647,0,0,0,TRUE,A
1440,20,27,10.416,11.046,1,3.759,4.667,0,57.176,124.608,FALSE,B
1440,20,27,2.879,18.379,0,9.27,6.668,0,0,0,TRUE,B
1440,20,26,10.384,10.182,1,5.502,3.42,4.109,58.709,131.386,FALSE,A
1440,20,26,3.083,19.193,0,8.48,6.647,0,0,0,TRUE,A
1440,20,26,10.416,11.047,1,3.667,4.925,0,61.39,138.826,FALSE,B
1440,20,26,2.734,18.115,0,9.049,7.054,0,0,0,TRUE,B
1440,19,26,10.96,10.736,1,5.853,3.539,4.359,60.454,135.268,FALSE,A
1440,19,26,3.266,20.304,0,8.902,7.081,0,0,0,TRUE,A
1440,19,26,10.61,11.336,1,3.786,4.803,0,64.051,142.815,FALSE,B
1440,19,26,2.888,18.714,0,9.571,6.838,0,0,0,TRUE,B
1440,19,25,10.96,10.736,1,5.853,3.539,4.359,61.779,138.937,FALSE,A
1440,19,25,3.266,20.304,0,8.902,7.081,0,0,0,TRUE,A
1440,19,25,10.616,11.302,1,3.165,5.983,0,63.554,138.752,FALSE,B
1440,19,25,2.713,18.188,0,9.759,6.884,0,0,0,TRUE,B
1920,24,32,13.713,7.183,1,2.084,2.296,3.612,54.013,138.62,FALSE,A
1920,24,32,4.345,27.628,0,8.09,10.049,0,0,0,TRUE,A
1920,24,32,13.75,6.716,1,0,1.985,0,57.79,140.968,FALSE,B
1920,24,32,4.025,26.816,0,7.639,11.103,0,0,0,TRUE,B
1920,23,31,14.37,7.565,1,2.2,2.362,3.797,66.17,145.67,FALSE,A
1920,23,31,4.577,29.061,0,8.454,10.614,0,0,0,TRUE,A
1920,23,31,14.016,6.846,1,0,1.964,0,66.769,146.597,FALSE,B
1920,23,31,4.089,27.203,0,7.804,11.351,0,0,0,TRUE,B
1920,23,30,14.37,7.565,1,2.2,2.362,3.797,67.48,149.002,FALSE,A
1920,23,30,4.577,29.061,0,8.454,10.614,0,0,0,TRUE,A
1920,23,30,13.555,7.834,1,0,3.512,0,70.6,156.173,FALSE,B
1920,23,30,3.856,25.548,0,8.849,10.331,0,0,0,TRUE,B
1920,22,30,12.629,12.509,1,6.973,3.881,5.137,69.72,158.26,FALSE,A
1920,22,30,3.804,23.598,0,10.128,8.341,0,0,0,TRUE,A
1920,22,30,13.593,14.055,1,6.181,3.505,0,68.274,162.242,FALSE,B
1920,22,30,3.726,23.99,0,10.869,10.074,0,0,0,TRUE,B
1920,22,29,12.629,12.509,1,6.973,3.881,5.137,71.172,162.31,FALSE,A
1920,22,29,3.804,23.598,0,10.128,8.341,0,0,0,TRUE,A
1920,22,29,13.593,14.055,1,6.181,3.505,0,72.531,162.59,FALSE,B
1920,22,29,3.726,23.99,0,10.869,10.074,0,0,0,TRUE,B
1920,21,29,13.181,13.063,1,7.306,4.01,5.409,73.084,166.693,FALSE,A
1920,21,29,4.001,24.701,0,10.564,8.765,0,0,0,TRUE,A
1920,21,29,13.794,14.321,1,6.237,3.586,0,73.916,165.94,FALSE,B
1920,21,29,3.83,24.408,0,11.168,10.259,0,0,0,TRUE,B
1920,21,28,13.181,13.063,1,7.306,4.01,5.409,64.07,167.11,FALSE,A
1920,21,28,4.001,24.701,0,10.564,8.765,0,0,0,TRUE,A
1920,21,28,13.777,14.319,1,6.187,3.694,0,67.069,166.36,FALSE,B
1920,21,28,3.835,24.414,0,11.207,10.171,0,0,0,TRUE,B
1920,20,27,13.725,13.68,1,7.685,4.118,5.712,76.633,175.807,FALSE,A
1920,20,27,4.168,25.755,0,10.989,9.168,0,0,0,TRUE,A
1920,20,27,13.828,14.88,1,5.197,5.866,0,76.426,171.274,FALSE,B
1920,20,27,3.772,24.453,0,12.233,9.166,0,0,0,TRUE,B
1920,20,26,13.725,13.68,1,7.685,4.118,5.712,78.448,180.946,FALSE,A
1920,20,26,4.168,25.755,0,10.989,9.168,0,0,0,TRUE,A
1920,20,26,13.855,14.793,1,5.04,6.049,0,82.138,191.092,FALSE,B
1920,20,26,3.636,24.269,0,12.013,9.696,0,0,0,TRUE,B
1920,19,26,14.584,14.582,1,8.211,4.287,6.106,80.795,185.902,FALSE,A
1920,19,26,4.425,27.385,0,11.624,9.796,0,0,0,TRUE,A
1920,19,26,14.122,15.269,1,5.312,6.048,0,85.524,196.25,FALSE,B
1920,19,26,3.857,24.948,0,12.635,9.275,0,0,0,TRUE,B
1920,19,25,14.584,14.582,1,8.211,4.287,6.106,82.691,191.284,FALSE,A
1920,19,25,4.425,27.385,0,11.624,9.796,0,0,0,TRUE,A
1920,19,25,14.114,15.105,1,4.521,7.501,0,84.934,190.651,FALSE,B
1920,19,25,3.629,24.28,0,12.9,9.441,0,0,0,TRUE,B
2400,24,32,17.088,9.039,1,2.684,2.61,4.586,67.536,177.365,FALSE,A
2400,24,32,5.511,34.753,0,9.931,12.798,0,0,0,TRUE,A
2400,24,32,17.27,8.382,1,0,2.218,0,72.535,180.247,FALSE,B
2400,24,32,4.945,33.678,0,9.5,14.162,0,0,0,TRUE,B
2400,23,31,17.94,9.477,1,2.852,2.689,4.834,82.696,185.687,FALSE,A
2400,23,31,5.793,36.533,0,10.408,13.474,0,0,0,TRUE,A
2400,23,31,17.51,8.547,1,0,2.298,0,83.653,187.481,FALSE,B
2400,23,31,5.1,34.245,0,9.714,14.366,0,0,0,TRUE,B
2400,23,30,17.94,9.477,1,2.852,2.689,4.834,84.573,190.72,FALSE,A
2400,23,30,5.793,36.533,0,10.408,13.474,0,0,0,TRUE,A
2400,23,30,17.049,9.617,1,0,4.008,0,88.313,198.998,FALSE,B
2400,23,30,4.809,32.409,0,10.856,13.313,0,0,0,TRUE,B
2400,22,30,15.709,15.724,1,8.951,4.514,6.67,87.247,202.018,FALSE,A
2400,22,30,4.766,29.509,0,12.508,10.649,0,0,0,TRUE,A
2400,22,30,16.866,17.711,1,7.84,4.16,0,85.415,207.303,FALSE,B
2400,22,30,4.611,29.735,0,13.652,12.697,0,0,0,TRUE,B
2400,22,29,15.709,15.724,1,8.951,4.514,6.67,89.269,207.778,FALSE,A
2400,22,29,4.766,29.509,0,12.508,10.649,0,0,0,TRUE,A
2400,22,29,16.866,17.711,1,7.84,4.16,0,90.792,207.579,FALSE,B
2400,22,29,4.611,29.735,0,13.652,12.697,0,0,0,TRUE,B
2400,21,29,16.419,16.474,1,9.395,4.67,6.96,91.371,212.386,FALSE,A
2400,21,29,4.999,30.914,0,13.008,11.161,0,0,0,TRUE,A
2400,21,29,17.19,18.09,1,8.004,4.193,0,92.511,211.641,FALSE,B
2400,21,29,4.661,30.278,0,13.958,13.017,0,0,0,TRUE,B
2400,21,28,16.419,16.474,1,9.395,4.67,6.96,79.69,212.494,FALSE,A
2400,21,28,4.999,30.914,0,13.008,11.161,0,0,0,TRUE,A
2400,21,28,17.164,18.113,1,7.924,4.346,0,83.605,211.545,FALSE,B
2400,21,28,4.67,30.256,0,14.037,12.886,0,0,0,TRUE,B
2400,20,27,17.135,17.163,1,9.855,4.818,7.302,95.945,224.155,FALSE,A
2400,20,27,5.215,32.293,0,13.555,11.664,0,0,0,TRUE,A
2400,20,27,17.262,18.724,1,6.678,6.977,0,95.667,217.826,FALSE,B
2400,20,27,4.675,30.498,0,15.268,11.788,0,0,0,TRUE,B
2400,20,26,17.135,17.163,1,9.855,4.818,7.302,98.191,230.587,FALSE,A
2400,20,26,5.215,32.293,0,13.555,11.664,0,0,0,TRUE,A
2400,20,26,17.323,18.633,1,6.588,7.243,0,102.793,243.238,FALSE,B
2400,20,26,4.51,30.369,0,14.859,12.273,0,0,0,TRUE,B
2400,19,26,18.123,18.156,1,10.484,5.026,7.756,101.064,236.722,FALSE,A
2400,19,26,5.527,34.239,0,14.303,12.386,0,0,0,TRUE,A
2400,19,26,17.638,19.024,1,6.778,7.2,0,107.091,249.611,FALSE,B
2400,19,26,4.745,31.216,0,15.69,11.876,0,0,0,TRUE,B
2400,19,25,18.123,18.156,1,10.484,5.026,7.756,103.382,243.37,FALSE,A
2400,19,25,5.527,34.239,0,14.303,12.386,0,0,0,TRUE,A
2400,19,25,17.592,18.824,1,5.81,9.14,0,106.265,242.377,FALSE,B
2400,19,25,4.501,30.474,0,15.984,11.886,0,0,0,TRUE,B
2880,24,32,20.479,10.87,1,3.273,2.94,5.575,81.069,216.233,FALSE,A
2880,24,32,6.649,41.916,0,11.805,15.493,0,0,0,TRUE,A
2880,24,32,20.676,9.882,1,0,2.488,0,87.276,219.601,FALSE,B
2880,24,32,6.052,40.673,0,11.345,17.101,0,0,0,TRUE,B
2880,23,31,21.514,11.422,1,3.452,3.036,5.881,99.503,226.484,FALSE,A
2880,23,31,6.959,44.038,0,12.363,16.335,0,0,0,TRUE,A
2880,23,31,20.987,10.045,1,0,2.421,0,100.602,228.34,FALSE,B
2880,23,31,6.214,41.382,0,11.452,17.554,0,0,0,TRUE,B
2880,23,30,21.514,11.422,1,3.452,3.036,5.881,101.41,231.607,FALSE,A
2880,23,30,6.959,44.038,0,12.363,16.335,0,0,0,TRUE,A
2880,23,30,20.475,11.264,1,0,4.301,0,106.044,241.649,FALSE,B
2880,23,30,5.902,39.273,0,12.658,16.529,0,0,0,TRUE,B
2880,22,30,18.697,18.754,1,10.844,5.156,7.996,104.798,246.28,FALSE,A
2880,22,30,5.686,35.366,0,14.697,12.804,0,0,0,TRUE,A
2880,22,30,20.307,21.282,1,9.461,4.772,0,102.579,251.881,FALSE,B
2880,22,30,5.513,35.854,0,16.391,15.426,0,0,0,TRUE,B
2880,22,29,18.697,18.754,1,10.844,5.156,7.996,107.053,252.739,FALSE,A
2880,22,29,5.686,35.366,0,14.697,12.804,0,0,0,TRUE,A
2880,22,29,20.307,21.282,1,9.461,4.772,0,109.078,252.271,FALSE,B
2880,22,29,5.513,35.854,0,16.391,15.426,0,0,0,TRUE,B
2880,21,29,19.683,19.823,1,11.507,5.37,8.442,109.741,258.361,FALSE,A
2880,21,29,5.963,37.29,0,15.416,13.506,0,0,0,TRUE,A
2880,21,29,20.675,21.646,1,9.747,4.755,0,111.07,257.1,FALSE,B
2880,21,29,5.675,36.539,0,16.6,15.86,0,0,0,TRUE,B
2880,21,28,19.683,19.823,1,11.507,5.37,8.442,95.723,258.901,FALSE,A
2880,21,28,5.963,37.29,0,15.416,13.506,0,0,0,TRUE,A
2880,21,28,20.649,21.632,1,9.696,4.901,0,100.083,257.262,FALSE,B
2880,21,28,5.698,36.547,0,16.624,15.75,0,0,0,TRUE,B
2880,20,27,20.567,20.722,1,12.025,5.542,8.821,115.23,272.395,FALSE,A
2880,20,27,6.222,38.914,0,16.042,14.145,0,0,0,TRUE,A
2880,20,27,20.706,22.33,1,8.091,8.391,0,114.752,264.186,FALSE,B
2880,20,27,5.621,36.73,0,18.426,13.985,0,0,0,TRUE,B
2880,20,26,20.567,20.722,1,12.025,5.542,8.821,117.914,280.141,FALSE,A
2880,20,26,6.222,38.914,0,16.042,14.145,0,0,0,TRUE,A
2880,20,26,20.844,22.397,1,7.856,8.514,0,123.425,295.382,FALSE,B
2880,20,26,5.386,36.439,0,18.058,14.713,0,0,0,TRUE,B
2880,19,26,21.661,21.828,1,12.746,5.781,9.375,121.435,287.818,FALSE,A
2880,19,26,6.592,41.141,0,16.906,14.97,0,0,0,TRUE,A
2880,19,26,21.165,22.863,1,8.243,8.57,0,128.714,303.041,FALSE,B
2880,19,26,5.739,37.503,0,18.949,14.324,0,0,0,TRUE,B
2880,19,25,21.661,21.828,1,12.746,5.781,9.375,124.078,295.441,FALSE,A
2880,19,25,6.592,41.141,0,16.906,14.97,0,0,0,TRUE,A
2880,19,25,21.119,22.723,1,7.019,10.762,0,127.662,293.788,FALSE,B
2880,19,25,5.416,36.371,0,19.399,14.53,0,0,0,TRUE,B
3360,24,32,23.892,12.706,1,3.877,3.273,6.554,94.63,255.086,FALSE,A
3360,24,32,7.75,49.083,0,13.659,18.206,0,0,0,TRUE,A
3360,24,32,24.052,11.559,1,0,2.659,0,101.795,258.705,FALSE,B
3360,24,32,7.173,47.477,0,13.166,20.255,0,0,0,TRUE,B
3360,23,31,25.086,13.384,1,4.063,3.37,6.91,116.253,267.215,FALSE,A
3360,23,31,8.146,51.558,0,14.309,19.174,0,0,0,TRUE,A
3360,23,31,24.424,11.597,1,0,2.632,0,117.427,268.99,FALSE,B
3360,23,31,7.331,48.358,0,13.265,20.637,0,0,0,TRUE,B
3360,23,30,25.086,13.384,1,4.063,3.37,6.91,118.472,273.274,FALSE,A
3360,23,30,8.146,51.558,0,14.309,19.174,0,0,0,TRUE,A
3360,23,30,23.803,13.273,1,0,4.981,0,123.852,284.972,FALSE,B
3360,23,30,6.854,45.561,0,14.994,19.201,0,0,0,TRUE,B
3360,22,30,21.801,21.978,1,12.832,5.807,9.443,122.245,289.813,FALSE,A
3360,22,30,6.633,41.409,0,17.008,15.089,0,0,0,TRUE,A
3360,22,30,23.66,24.92,1,11.108,5.433,0,119.723,296.634,FALSE,B
3360,22,30,6.465,41.799,0,19.121,18.111,0,0,0,TRUE,B
3360,22,29,21.801,21.978,1,12.832,5.807,9.443,125.134,298.174,FALSE,A
3360,22,29,6.633,41.409,0,17.008,15.089,0,0,0,TRUE,A
3360,22,29,23.66,24.92,1,11.108,5.433,0,127.29,296.892,FALSE,B
3360,22,29,6.465,41.799,0,19.121,18.111,0,0,0,TRUE,B
3360,21,29,22.784,23.033,1,13.483,6.01,9.912,128.077,304.528,FALSE,A
3360,21,29,6.94,43.295,0,17.73,15.813,0,0,0,TRUE,A
3360,21,29,24.044,25.317,1,11.355,5.419,0,129.651,302.713,FALSE,B
3360,21,29,6.603,42.657,0,19.35,18.551,0,0,0,TRUE,B
3360,21,28,22.784,23.033,1,13.483,6.01,9.912,111.449,304.528,FALSE,A
3360,21,28,6.94,43.295,0,17.73,15.813,0,0,0,TRUE,A
3360,21,28,24.022,25.306,1,11.278,5.597,0,116.756,302.513,FALSE,B
3360,21,28,6.623,42.668,0,19.398,18.413,0,0,0,TRUE,B
3360,20,27,23.905,24.176,1,14.215,6.235,10.453,134.495,320.617,FALSE,A
3360,20,27,7.317,45.506,0,18.55,16.643,0,0,0,TRUE,A
3360,20,27,24.111,26.219,1,9.433,9.651,0,133.988,310.912,FALSE,B
3360,20,27,6.576,42.898,0,21.487,16.404,0,0,0,TRUE,B
3360,20,26,23.905,24.176,1,14.215,6.235,10.453,137.683,329.875,FALSE,A
3360,20,26,7.317,45.506,0,18.55,16.643,0,0,0,TRUE,A
3360,20,26,24.28,26.273,1,9.249,9.622,0,144.152,347.295,FALSE,B
3360,20,26,6.326,42.542,0,20.856,17.484,0,0,0,TRUE,B
3360,19,26,25.182,25.457,1,15.047,6.513,11.026,141.659,338.479,FALSE,A
3360,19,26,7.701,47.939,0,19.56,17.575,0,0,0,TRUE,A
3360,19,26,24.589,26.71,1,9.729,9.625,0,150.359,356.8,FALSE,B
3360,19,26,6.75,43.828,0,21.783,16.985,0,0,0,TRUE,B
3360,19,25,25.182,25.457,1,15.047,6.513,11.026,144.874,347.818,FALSE,A
3360,19,25,7.701,47.939,0,19.56,17.575,0,0,0,TRUE,A
3360,19,25,24.58,26.34,1,8.381,12.38,0,149.026,345.204,FALSE,B
3360,19,25,6.317,42.628,0,22.283,17.125,0,0,0,TRUE,B
3840,24,32,27.284,14.511,1,4.449,3.588,7.549,108.193,293.867,FALSE,A
3840,24,32,8.89,56.258,0,15.502,20.969,0,0,0,TRUE,A
3840,24,32,27.459,13.254,1,0,2.949,0,116.292,298.085,FALSE,B
3840,24,32,8.2,54.471,0,14.925,23.199,0,0,0,TRUE,B
3840,23,31,28.505,15.178,1,4.654,3.692,7.875,132.741,307.526,FALSE,A
3840,23,31,9.269,58.742,0,16.182,21.903,0,0,0,TRUE,A
3840,23,31,27.867,13.353,1,0,2.912,0,134.263,309.764,FALSE,B
3840,23,31,8.429,55.453,0,15.035,23.657,0,0,0,TRUE,B
3840,23,30,28.505,15.178,1,4.654,3.692,7.875,135.398,314.899,FALSE,A
3840,23,30,9.269,58.742,0,16.182,21.903,0,0,0,TRUE,A
3840,23,30,27.28,15.129,1,0,5.405,0,141.608,327.957,FALSE,B
3840,23,30,7.803,52.386,0,16.89,22.197,0,0,0,TRUE,B
3840,22,30,24.88,25.135,1,14.872,6.454,10.908,139.924,334.063,FALSE,A
3840,22,30,7.613,47.429,0,19.338,17.371,0,0,0,TRUE,A
3840,22,30,26.973,28.606,1,12.787,6.036,0,136.792,341.655,FALSE,B
3840,22,30,7.381,47.789,0,21.685,20.787,0,0,0,TRUE,B
3840,22,29,24.88,25.135,1,14.872,6.454,10.908,143.002,342.991,FALSE,A
3840,22,29,7.613,47.429,0,19.338,17.371,0,0,0,TRUE,A
3840,22,29,26.973,28.606,1,12.787,6.036,0,145.575,341.97,FALSE,B
3840,22,29,7.381,47.789,0,21.685,20.787,0,0,0,TRUE,B
3840,21,29,26.018,26.387,1,15.61,6.687,11.422,146.479,350.521,FALSE,A
3840,21,29,7.956,49.524,0,20.189,18.207,0,0,0,TRUE,A
3840,21,29,27.533,29.106,1,13.002,6.12,0,148.317,348.536,FALSE,B
3840,21,29,7.49,48.775,0,22.139,21.241,0,0,0,TRUE,B
3840,21,28,26.018,26.387,1,15.61,6.687,11.422,127.437,350.794,FALSE,A
3840,21,28,7.956,49.524,0,20.189,18.207,0,0,0,TRUE,A
3840,21,28,27.505,29.104,1,12.915,6.34,0,133.53,348.499,FALSE,B
3840,21,28,7.511,48.768,0,22.203,21.069,0,0,0,TRUE,B
3840,20,27,27.293,27.688,1,16.42,6.97,11.984,153.806,368.878,FALSE,A
3840,20,27,8.338,51.99,0,21.185,19.132,0,0,0,TRUE,A
3840,20,27,27.546,30.039,1,11.048,10.548,0,153.257,357.549,FALSE,B
3840,20,27,7.501,49.064,0,24.205,19.226,0,0,0,TRUE,B
3840,20,26,27.293,27.688,1,16.42,6.97,11.984,157.391,379.327,FALSE,A
3840,20,26,8.338,51.99,0,21.185,19.132,0,0,0,TRUE,A
3840,20,26,27.714,29.887,1,10.747,10.672,0,165.032,399.517,FALSE,B
3840,20,26,7.236,48.894,0,23.544,20.322,0,0,0,TRUE,B
3840,19,26,28.836,29.309,1,17.432,7.302,12.725,161.974,388.981,FALSE,A
3840,19,26,8.775,54.934,0,22.42,20.267,0,0,0,TRUE,A
3840,19,26,28.143,30.65,1,11.281,10.656,0,172.027,410.529,FALSE,B
3840,19,26,7.723,50.254,0,24.648,19.737,0,0,0,TRUE,B
3840,19,25,28.836,29.309,1,17.432,7.302,12.725,165.737,399.964,FALSE,A
3840,19,25,8.775,54.934,0,22.42,20.267,0,0,0,TRUE,A
3840,19,25,28.126,30.165,1,9.554,13.915,0,170.375,396.771,FALSE,B
3840,19,25,7.256,49.047,0,25.307,19.772,0,0,0,TRUE,B
4320,24,32,30.714,16.363,1,5.038,3.921,8.544,121.715,332.657,FALSE,A
4320,24,32,9.975,63.364,0,17.406,23.675,0,0,0,TRUE,A
4320,24,32,30.952,14.687,1,0,3.127,0,130.898,337.461,FALSE,B
4320,24,32,9.259,61.633,0,16.663,26.267,0,0,0,TRUE,B
4320,23,31,32.098,17.071,1,5.263,4.047,8.954,149.528,348.26,FALSE,A
4320,23,31,10.389,66.24,0,18.181,24.757,0,0,0,TRUE,A
4320,23,31,31.435,14.889,1,0,3.101,0,151.107,350.474,FALSE,B
4320,23,31,9.472,62.732,0,16.779,26.774,0,0,0,TRUE,B
4320,23,30,32.098,17.071,1,5.263,4.047,8.954,152.297,355.969,FALSE,A
4320,23,30,10.389,66.24,0,18.181,24.757,0,0,0,TRUE,A
4320,23,30,30.701,16.883,1,0,5.898,0,159.347,370.785,FALSE,B
4320,23,30,8.889,59.277,0,18.766,25.176,0,0,0,TRUE,B
4320,22,30,27.99,28.469,1,16.894,7.128,12.333,157.336,377.5,FALSE,A
4320,22,30,8.533,53.296,0,21.727,19.63,0,0,0,TRUE,A
4320,22,30,30.36,32.293,1,14.449,6.653,0,153.975,386.232,FALSE,B
4320,22,30,8.286,53.851,0,24.382,23.564,0,0,0,TRUE,B
4320,22,29,27.99,28.469,1,16.894,7.128,12.333,161.083,388.435,FALSE,A
4320,22,29,8.533,53.296,0,21.727,19.63,0,0,0,TRUE,A
4320,22,29,30.36,32.293,1,14.449,6.653,0,163.809,386.481,FALSE,B
4320,22,29,8.286,53.851,0,24.382,23.564,0,0,0,TRUE,B
4320,21,29,29.267,29.815,1,17.706,7.396,12.926,164.84,396.418,FALSE,A
4320,21,29,8.903,55.683,0,22.744,20.56,0,0,0,TRUE,A
4320,21,29,30.957,32.814,1,14.777,6.727,0,166.822,393.869,FALSE,B
4320,21,29,8.426,54.996,0,24.723,24.058,0,0,0,TRUE,B
4320,21,28,29.267,29.815,1,17.706,7.396,12.926,143.478,397.159,FALSE,A
4320,21,28,8.903,55.683,0,22.744,20.56,0,0,0,TRUE,A
4320,21,28,30.922,32.833,1,14.653,7.006,0,150.193,394.245,FALSE,B
4320,21,28,8.433,54.967,0,24.86,23.825,0,0,0,TRUE,B
4320,20,27,30.668,31.251,1,18.62,7.701,13.579,173.117,417.202,FALSE,A
4320,20,27,9.341,58.428,0,23.808,21.604,0,0,0,TRUE,A
4320,20,27,31.013,33.806,1,12.405,11.649,0,172.451,404.147,FALSE,B
4320,20,27,8.466,55.394,0,27.102,21.795,0,0,0,TRUE,B
4320,20,26,30.668,31.251,1,18.62,7.701,13.579,177.143,428.974,FALSE,A
4320,20,26,9.341,58.428,0,23.808,21.604,0,0,0,TRUE,A
4320,20,26,31.15,33.781,1,12.219,11.802,0,185.726,451.611,FALSE,B
4320,20,26,8.141,54.97,0,26.338,23.038,0,0,0,TRUE,B
4320,19,26,32.343,32.998,1,19.74,8.059,14.395,182.289,439.861,FALSE,A
4320,19,26,9.861,61.667,0,25.072,22.865,0,0,0,TRUE,A
4320,19,26,31.581,34.455,1,12.695,11.895,0,193.524,463.84,FALSE,B
4320,19,26,8.695,56.566,0,27.6,22.224,0,0,0,TRUE,B
4320,19,25,32.343,32.998,1,19.74,8.059,14.395,186.592,452.464,FALSE,A
4320,19,25,9.861,61.667,0,25.072,22.865,0,0,0,TRUE,A
4320,19,25,31.557,34.088,1,10.802,15.564,0,191.752,448.624,FALSE,B
4320,19,25,8.131,55.014,0,28.479,22.216,0,0,0,TRUE,B
4800,24,32,34.147,18.171,1,5.608,4.268,9.566,135.275,371.474,FALSE,A
4800,24,32,11.077,70.436,0,19.355,26.372,0,0,0,TRUE,A
4800,24,32,34.312,16.486,1,0,3.334,0,145.434,376.757,FALSE,B
4800,24,32,10.37,68.496,0,18.371,29.308,0,0,0,TRUE,B
4800,23,31,35.637,18.982,1,5.892,4.409,10.022,166.086,388.298,FALSE,A
4800,23,31,11.587,73.645,0,20.219,27.607,0,0,0,TRUE,A
4800,23,31,34.91,16.555,1,0,3.37,0,167.978,391.305,FALSE,B
4800,23,31,10.479,69.757,0,18.605,29.79,0,0,0,TRUE,B
4800,23,30,35.637,18.982,1,5.892,4.409,10.022,169.388,397.606,FALSE,A
4800,23,30,11.587,73.645,0,20.219,27.607,0,0,0,TRUE,A
4800,23,30,34.103,18.727,1,0,6.428,0,177.12,413.87,FALSE,B
4800,23,30,9.89,66.043,0,20.721,28.057,0,0,0,TRUE,B
4800,22,30,31.086,31.67,1,18.891,7.793,13.784,174.997,421.606,FALSE,A
4800,22,30,9.481,59.239,0,24.132,21.924,0,0,0,TRUE,A
4800,22,30,33.704,35.883,1,16.168,7.26,0,171.06,431.214,FALSE,B
4800,22,30,9.196,59.852,0,26.927,26.199,0,0,0,TRUE,B
4800,22,29,31.086,31.67,1,18.891,7.793,13.784,178.933,433.108,FALSE,A
4800,22,29,9.481,59.239,0,24.132,21.924,0,0,0,TRUE,A
4800,22,29,33.704,35.883,1,16.168,7.26,0,182.07,431.529,FALSE,B
4800,22,29,9.196,59.852,0,26.927,26.199,0,0,0,TRUE,B
4800,21,29,32.491,33.126,1,19.847,8.091,14.458,183.357,442.69,FALSE,A
4800,21,29,9.91,61.93,0,25.189,22.958,0,0,0,TRUE,A
4800,21,29,34.3,36.597,1,16.454,7.362,0,185.463,439.81,FALSE,B
4800,21,29,9.403,61.008,0,27.44,26.74,0,0,0,TRUE,B
4800,21,28,32.491,33.126,1,19.847,8.091,14.458,159.25,442.69,FALSE,A
4800,21,28,9.91,61.93,0,25.189,22.958,0,0,0,TRUE,A
4800,21,28,34.249,36.629,1,16.302,7.672,0,166.848,439.608,FALSE,B
4800,21,28,9.425,60.978,0,27.577,26.496,0,0,0,TRUE,B
4800,20,27,34.034,34.673,1,20.886,8.397,15.179,192.408,465.52,FALSE,A
4800,20,27,10.419,65.023,0,26.296,24.093,0,0,0,TRUE,A
4800,20,27,34.375,37.561,1,13.818,13.022,0,191.645,450.635,FALSE,B
4800,20,27,9.449,61.589,0,30.117,24.1,0,0,0,TRUE,B
4800,20,26,34.034,34.673,1,20.886,8.397,15.179,196.854,478.552,FALSE,A
4800,20,26,10.419,65.023,0,26.296,24.093,0,0,0,TRUE,A
4800,20,26,34.537,37.575,1,13.603,13.049,0,206.327,503.706,FALSE,B
4800,20,26,9.096,61.221,0,29.155,25.593,0,0,0,TRUE,B
4800,19,26,35.85,36.541,1,22.071,8.781,16.004,202.624,490.867,FALSE,A
4800,19,26,11.004,68.621,0,27.652,25.476,0,0,0,TRUE,A
4800,19,26,35.101,38.403,1,14.152,13.125,0,215.141,517.311,FALSE,B
4800,19,26,9.646,62.891,0,30.676,24.788,0,0,0,TRUE,B
4800,19,25,35.85,36.541,1,22.071,8.781,16.004,207.2,504.289,FALSE,A
4800,19,25,11.004,68.621,0,27.652,25.476,0,0,0,TRUE,A
4800,19,25,35.043,37.956,1,12.173,17.051,0,213.111,499.974,FALSE,B
4800,19,25,9.114,61.2,0,31.366,24.965,0,0,0,TRUE,B
5280,24,32,37.49,20.02,1,6.22,4.574,10.558,148.799,410.339,FALSE,A
5280,24,32,12.236,77.579,0,21.222,29.101,0,0,0,TRUE,A
5280,24,32,37.819,18.055,1,0,3.533,0,160.112,416.269,FALSE,B
5280,24,32,11.355,75.485,0,20.09,32.406,0,0,0,TRUE,B
5280,23,31,39.199,20.888,1,6.535,4.752,11.043,182.878,429.101,FALSE,A
5280,23,31,12.789,81.195,0,22.144,30.455,0,0,0,TRUE,A
5280,23,31,38.33,18.282,1,0,3.615,0,184.881,432.227,FALSE,B
5280,23,31,11.607,76.747,0,20.335,32.849,0,0,0,TRUE,B
5280,23,30,39.199,20.888,1,6.535,4.752,11.043,186.345,438.904,FALSE,A
5280,23,30,12.789,81.195,0,22.144,30.455,0,0,0,TRUE,A
5280,23,30,37.481,20.684,1,0,6.864,0,194.82,456.727,FALSE,B
5280,23,30,10.912,72.612,0,22.644,31.06,0,0,0,TRUE,B
5280,22,30,34.034,34.673,1,20.886,8.397,15.179,192.408,465.52,FALSE,A
5280,22,30,10.419,65.023,0,26.296,24.093,0,0,0,TRUE,A
5280,22,30,36.99,39.754,1,17.825,7.936,0,188.329,476.06,FALSE,B
5280,22,30,10.166,65.766,0,29.64,28.879,0,0,0,TRUE,B
5280,22,29,34.034,34.673,1,20.886,8.397,15.179,196.854,478.552,FALSE,A
5280,22,29,10.419,65.023,0,26.296,24.093,0,0,0,TRUE,A
5280,22,29,36.99,39.754,1,17.825,7.936,0,200.382,476.402,FALSE,B
5280,22,29,10.166,65.766,0,29.64,28.879,0,0,0,TRUE,B
5280,21,29,35.73,36.41,1,21.968,8.761,15.94,201.706,488.494,FALSE,A
5280,21,29,10.966,68.315,0,27.541,25.369,0,0,0,TRUE,A
5280,21,29,37.706,40.35,1,18.194,8.047,0,204.025,485.306,FALSE,B
5280,21,29,10.385,67.116,0,30.123,29.472,0,0,0,TRUE,B
5280,21,28,35.73,36.41,1,21.968,8.761,15.94,175.279,488.884,FALSE,A
5280,21,28,10.966,68.315,0,27.541,25.369,0,0,0,TRUE,A
5280,21,28,37.659,40.358,1,18.024,8.385,0,183.58,485.429,FALSE,B
5280,21,28,10.418,67.093,0,30.265,29.209,0,0,0,TRUE,B
5280,20,27,37.378,38.127,1,23.116,9.099,16.756,211.695,513.736,FALSE,A
5280,20,27,11.507,71.589,0,28.822,26.606,0,0,0,TRUE,A
5280,20,27,37.817,41.444,1,15.348,14.045,0,210.924,497.379,FALSE,B
5280,20,27,10.336,67.67,0,33.026,26.78,0,0,0,TRUE,B
5280,20,26,37.378,38.127,1,23.116,9.099,16.756,216.596,528.133,FALSE,A
5280,20,26,11.507,71.589,0,28.822,26.606,0,0,0,TRUE,A
5280,20,26,38.051,41.361,1,15.032,14.253,0,227.062,555.869,FALSE,B
5280,20,26,9.957,67.318,0,32.072,28.227,0,0,0,TRUE,B
5280,19,26,39.363,40.18,1,24.386,9.515,17.664,222.956,541.876,FALSE,A
5280,19,26,12.129,75.379,0,30.313,28.071,0,0,0,TRUE,A
5280,19,26,38.652,42.197,1,15.706,14.274,0,236.76,570.937,FALSE,B
5280,19,26,10.528,69.258,0,33.561,27.387,0,0,0,TRUE,B
5280,19,25,39.363,40.18,1,24.386,9.515,17.664,227.908,556.426,FALSE,A
5280,19,25,12.129,75.379,0,30.313,28.071,0,0,0,TRUE,A
5280,19,25,38.543,41.761,1,13.421,18.672,0,234.465,551.577,FALSE,B
5280,19,25,9.965,67.284,0,34.597,27.498,0,0,0,TRUE,B
5760,24,32,40.921,21.787,1,6.834,4.926,11.536,162.314,449.105,FALSE,A
5760,24,32,13.351,84.752,0,23.078,31.815,0,0,0,TRUE,A
5760,24,32,41.283,19.624,1,0,3.774,0,174.826,455.725,FALSE,B
5760,24,32,12.381,82.526,0,21.767,35.454,0,0,0,TRUE,B
5760,23,31,42.772,22.771,1,7.167,5.082,12.065,199.656,469.811,FALSE,A
5760,23,31,13.985,88.702,0,24.123,33.333,0,0,0,TRUE,A
5760,23,31,41.841,20.091,1,0,3.856,0,201.679,472.77,FALSE,B
5760,23,31,12.582,83.615,0,22.169,35.908,0,0,0,TRUE,B
5760,23,30,42.772,22.771,1,7.167,5.082,12.065,203.339,480.262,FALSE,A
5760,23,30,13.985,88.702,0,24.123,33.333,0,0,0,TRUE,A
5760,23,30,40.877,22.667,1,0,7.484,0,212.656,500.046,FALSE,B
5760,23,30,11.871,79.251,0,24.743,33.823,0,0,0,TRUE,B
5760,22,30,37.108,37.837,1,22.932,9.05,16.614,210.022,509.473,FALSE,A
5760,22,30,11.425,71.036,0,28.595,26.403,0,0,0,TRUE,A
5760,22,30,40.355,43.308,1,19.585,8.498,0,205.321,520.717,FALSE,B
5760,22,30,11.053,71.767,0,32.193,31.658,0,0,0,TRUE,B
5760,22,29,37.108,37.837,1,22.932,9.05,16.614,214.755,523.366,FALSE,A
5760,22,29,11.425,71.036,0,28.595,26.403,0,0,0,TRUE,A
5760,22,29,40.355,43.308,1,19.585,8.498,0,218.577,521.029,FALSE,B
5760,22,29,11.053,71.767,0,32.193,31.658,0,0,0,TRUE,B
5760,21,29,38.932,39.733,1,24.126,9.436,17.462,220.039,534.25,FALSE,A
5760,21,29,11.99,74.578,0,29.968,27.775,0,0,0,TRUE,A
5760,21,29,41.132,44.164,1,19.921,8.701,0,222.607,530.886,FALSE,B
5760,21,29,11.15,73.048,0,32.874,32.195,0,0,0,TRUE,B
5760,21,28,38.932,39.733,1,24.126,9.436,17.462,191.052,534.394,FALSE,A
5760,21,28,11.99,74.578,0,29.968,27.775,0,0,0,TRUE,A
5760,21,28,41.081,44.175,1,19.749,9.04,0,200.003,530.42,FALSE,B
5760,21,28,11.171,73.027,0,33.013,31.943,0,0,0,TRUE,B
5760,20,27,40.771,41.655,1,25.277,9.817,18.301,231.013,562.03,FALSE,A
5760,20,27,12.567,78.094,0,31.41,29.108,0,0,0,TRUE,A
5760,20,27,41.253,45.176,1,16.79,15.254,0,230.081,543.758,FALSE,B
5760,20,27,11.277,73.92,0,35.935,29.276,0,0,0,TRUE,B
5760,20,26,40.771,41.655,1,25.277,9.817,18.301,236.342,577.711,FALSE,A
5760,20,26,12.567,78.094,0,31.41,29.108,0,0,0,TRUE,A
5760,20,26,41.499,45.055,1,16.551,15.456,0,247.778,607.968,FALSE,B
5760,20,26,10.855,73.575,0,34.879,30.832,0,0,0,TRUE,B
5760,19,26,43.012,44.005,1,26.722,10.278,19.345,243.339,592.564,FALSE,A
5760,19,26,13.269,82.43,0,33.144,30.795,0,0,0,TRUE,A
5760,19,26,42.086,45.922,1,17.089,15.659,0,258.328,624.309,FALSE,B
5760,19,26,11.555,75.615,0,36.77,29.776,0,0,0,TRUE,B
5760,19,25,43.012,44.005,1,26.722,10.278,19.345,248.803,608.65,FALSE,A
5760,19,25,13.269,82.43,0,33.144,30.795,0,0,0,TRUE,A
5760,19,25,42.016,45.473,1,14.66,20.353,0,255.864,603.304,FALSE,B
5760,19,25,10.882,73.333,0,37.875,30.001,0,0,0,TRUE,B
6240,24,32,44.298,23.58,1,7.421,5.23,12.524,175.837,487.961,FALSE,A
6240,24,32,14.471,91.899,0,25.008,34.569,0,0,0,TRUE,A
6240,24,32,44.654,21.449,1,0,3.989,0,189.329,494.87,FALSE,B
6240,24,32,13.457,89.322,0,23.567,38.496,0,0,0,TRUE,B
6240,23,31,46.349,24.66,1,7.781,5.412,13.142,216.217,509.864,FALSE,A
6240,23,31,15.163,96.157,0,26.123,36.213,0,0,0,TRUE,A
6240,23,31,45.332,21.848,1,0,4.021,0,218.584,513.484,FALSE,B
6240,23,31,13.633,90.598,0,23.911,39.115,0,0,0,TRUE,B
6240,23,30,46.349,24.66,1,7.781,5.412,13.142,220.295,521.5,FALSE,A
6240,23,30,15.163,96.157,0,26.123,36.213,0,0,0,TRUE,A
6240,23,30,44.458,24.324,1,0,7.866,0,230.37,542.756,FALSE,B
6240,23,30,12.725,86.237,0,26.578,36.912,0,0,0,TRUE,B
6240,22,30,40.197,41.049,1,24.932,9.694,18.056,227.599,553.336,FALSE,A
6240,22,30,12.387,77.011,0,30.959,28.715,0,0,0,TRUE,A
6240,22,30,43.785,46.871,1,21.155,9.196,0,222.551,565.54,FALSE,B
6240,22,30,11.935,77.877,0,34.939,34.277,0,0,0,TRUE,B
6240,22,29,40.197,41.049,1,24.932,9.694,18.056,232.75,568.483,FALSE,A
6240,22,29,12.387,77.011,0,30.959,28.715,0,0,0,TRUE,A
6240,22,29,43.785,46.871,1,21.155,9.196,0,236.857,565.924,FALSE,B
6240,22,29,11.935,77.877,0,34.939,34.277,0,0,0,TRUE,B
6240,21,29,42.169,43.114,1,26.194,10.114,18.97,238.377,580.102,FALSE,A
6240,21,29,13.005,80.758,0,32.525,30.151,0,0,0,TRUE,A
6240,21,29,44.591,47.775,1,21.543,9.39,0,241.196,576.446,FALSE,B
6240,21,29,12.141,79.384,0,35.569,34.897,0,0,0,TRUE,B
6240,21,28,42.169,43.114,1,26.194,10.114,18.97,207.038,580.66,FALSE,A
6240,21,28,13.005,80.758,0,32.525,30.151,0,0,0,TRUE,A
6240,21,28,44.53,47.735,1,21.369,9.769,0,216.831,576.248,FALSE,B
6240,21,28,12.194,79.416,0,35.669,34.624,0,0,0,TRUE,B
6240,20,27,44.147,45.197,1,27.409,10.505,19.835,250.323,610.267,FALSE,A
6240,20,27,13.648,84.608,0,34,31.651,0,0,0,TRUE,A
6240,20,27,44.68,48.82,1,18.258,16.484,0,249.323,590.421,FALSE,B
6240,20,27,12.222,80.137,0,38.982,31.707,0,0,0,TRUE,B
6240,20,26,44.147,45.197,1,27.409,10.505,19.835,256.075,627.217,FALSE,A
6240,20,26,13.648,84.608,0,34,31.651,0,0,0,TRUE,A
6240,20,26,44.906,48.924,1,18.016,16.567,0,268.585,660.251,FALSE,B
6240,20,26,11.772,79.555,0,37.741,33.545,0,0,0,TRUE,B
6240,19,26,46.552,47.642,1,28.964,10.993,20.931,263.63,643.354,FALSE,A
6240,19,26,14.389,89.34,0,35.748,33.441,0,0,0,TRUE,A
6240,19,26,45.626,49.732,1,18.54,16.846,0,279.864,677.646,FALSE,B
6240,19,26,12.512,81.85,0,39.826,32.332,0,0,0,TRUE,B
6240,19,25,46.552,47.642,1,28.964,10.993,20.931,269.663,661.147,FALSE,A
6240,19,25,14.389,89.34,0,35.748,33.441,0,0,0,TRUE,A
6240,19,25,45.462,49.514,1,15.881,22.023,0,277.218,654.739,FALSE,B
6240,19,25,11.777,79.263,0,40.992,32.501,0,0,0,TRUE,B
6720,24,32,47.705,25.392,1,8.013,5.535,13.54,189.432,526.751,FALSE,A
6720,24,32,15.618,99.009,0,26.873,37.315,0,0,0,TRUE,A
6720,24,32,48.143,23.072,1,0,4.197,0,204.064,534.143,FALSE,B
6720,24,32,14.448,96.256,0,25.316,41.562,0,0,0,TRUE,B
6720,23,31,49.902,26.598,1,8.377,5.754,14.187,232.989,550.616,FALSE,A
6720,23,31,16.369,103.68,0,28.074,39.059,0,0,0,TRUE,A
6720,23,31,48.828,23.367,1,0,4.308,0,235.462,554.244,FALSE,B
6720,23,31,14.676,97.675,0,25.786,42.143,0,0,0,TRUE,B
6720,23,30,49.902,26.598,1,8.377,5.754,14.187,237.279,562.888,FALSE,A
6720,23,30,16.369,103.68,0,28.074,39.059,0,0,0,TRUE,A
6720,23,30,47.81,26.32,1,0,8.493,0,248.122,585.66,FALSE,B
6720,23,30,13.735,92.695,0,28.714,39.741,0,0,0,TRUE,B
6720,22,30,43.316,44.312,1,26.891,10.341,19.488,245.134,597.124,FALSE,A
6720,22,30,13.36,82.942,0,33.343,31.007,0,0,0,TRUE,A
6720,22,30,47.141,50.373,1,22.911,9.717,0,239.572,610.325,FALSE,B
6720,22,30,12.902,84.038,0,37.522,37.073,0,0,0,TRUE,B
6720,22,29,43.316,44.312,1,26.891,10.341,19.488,250.733,613.615,FALSE,A
6720,22,29,13.36,82.942,0,33.343,31.007,0,0,0,TRUE,A
6720,22,29,47.141,50.373,1,22.911,9.717,0,255.087,610.631,FALSE,B
6720,22,29,12.902,84.038,0,37.522,37.073,0,0,0,TRUE,B
6720,21,29,45.291,46.317,1,28.138,10.719,20.372,256.748,626.386,FALSE,A
6720,21,29,14.017,86.853,0,34.804,32.489,0,0,0,TRUE,A
6720,21,29,47.982,51.287,1,23.197,10.042,0,259.766,622.081,FALSE,B
6720,21,29,13.088,85.49,0,38.405,37.582,0,0,0,TRUE,B
6720,21,28,45.291,46.317,1,28.138,10.719,20.372,222.835,626.386,FALSE,A
6720,21,28,14.017,86.853,0,34.804,32.489,0,0,0,TRUE,A
6720,21,28,47.913,51.245,1,23.02,10.474,0,233.593,621.516,FALSE,B
6720,21,28,13.134,85.497,0,38.549,37.253,0,0,0,TRUE,B
6720,20,27,47.55,48.672,1,29.614,11.207,21.379,269.64,658.531,FALSE,A
6720,20,27,14.687,91.224,0,36.489,34.178,0,0,0,TRUE,A
6720,20,27,48.183,52.59,1,19.647,17.549,0,268.554,637.049,FALSE,B
6720,20,27,13.144,86.418,0,41.83,34.334,0,0,0,TRUE,B
6720,20,26,47.55,48.672,1,29.614,11.207,21.379,275.876,676.933,FALSE,A
6720,20,26,14.687,91.224,0,36.489,34.178,0,0,0,TRUE,A
6720,20,26,48.411,52.403,1,19.454,17.768,0,289.385,712.28,FALSE,B
6720,20,26,12.676,86.03,0,40.498,36.203,0,0,0,TRUE,B
6720,19,26,50.048,51.299,1,31.238,11.781,22.556,283.91,694.147,FALSE,A
6720,19,26,15.51,96.098,0,38.468,36.002,0,0,0,TRUE,A
6720,19,26,49.131,53.514,1,20.013,17.9,0,301.463,731.191,FALSE,B
6720,19,26,13.519,88.343,0,42.67,35.027,0,0,0,TRUE,B
6720,19,25,50.048,51.299,1,31.238,11.781,22.556,290.475,713.536,FALSE,A
6720,19,25,15.51,96.098,0,38.468,36.002,0,0,0,TRUE,A
6720,19,25,48.977,53.094,1,17.262,23.597,0,298.624,706.58,FALSE,B
6720,19,25,12.674,85.693,0,43.941,35.067,0,0,0,TRUE,B
7200,24,32,51.101,27.279,1,8.574,5.866,14.513,203.034,565.526,FALSE,A
7200,24,32,16.743,106.136,0,28.744,40.044,0,0,0,TRUE,A
7200,24,32,51.557,24.667,1,0,4.486,0,218.638,573.581,FALSE,B
7200,24,32,15.487,103.124,0,27.221,44.55,0,0,0,TRUE,B
7200,23,31,53.514,28.572,1,8.985,6.093,15.208,249.639,590.903,FALSE,A
7200,23,31,17.507,111.124,0,30.056,41.941,0,0,0,TRUE,A
7200,23,31,52.322,25.045,1,0,4.506,0,252.353,595.086,FALSE,B
7200,23,31,15.73,104.626,0,27.647,45.245,0,0,0,TRUE,B
7200,23,30,53.514,28.572,1,8.985,6.093,15.208,254.37,604.498,FALSE,A
7200,23,30,17.507,111.124,0,30.056,41.941,0,0,0,TRUE,A
7200,23,30,51.191,28.092,1,0,8.949,0,265.902,628.674,FALSE,B
7200,23,30,14.833,99.441,0,30.702,42.717,0,0,0,TRUE,B
7200,22,30,46.414,47.488,1,28.875,10.966,20.869,262.7,640.954,FALSE,A
7200,22,30,14.353,89.061,0,35.636,33.338,0,0,0,TRUE,A
7200,22,30,50.489,53.856,1,24.416,10.508,0,256.856,655.018,FALSE,B
7200,22,30,13.85,90.126,0,40.286,39.612,0,0,0,TRUE,B
7200,22,29,46.414,47.488,1,28.875,10.966,20.869,268.571,658.261,FALSE,A
7200,22,29,14.353,89.061,0,35.636,33.338,0,0,0,TRUE,A
7200,22,29,50.489,53.856,1,24.416,10.508,0,273.35,655.333,FALSE,B
7200,22,29,13.85,90.126,0,40.286,39.612,0,0,0,TRUE,B
7200,21,29,48.52,49.721,1,30.261,11.434,21.844,275.188,672.397,FALSE,A
7200,21,29,14.984,93.097,0,37.262,34.877,0,0,0,TRUE,A
7200,21,29,51.425,54.819,1,24.76,10.797,0,278.418,667.752,FALSE,B
7200,21,29,14.124,91.923,0,41.089,40.264,0,0,0,TRUE,B
7200,21,28,48.52,49.721,1,30.261,11.434,21.844,238.907,672.7,FALSE,A
7200,21,28,14.984,93.097,0,37.262,34.877,0,0,0,TRUE,A
7200,21,28,51.338,54.798,1,24.535,11.282,0,250.295,667.331,FALSE,B
7200,21,28,14.194,91.931,0,41.271,39.88,0,0,0,TRUE,B
7200,20,27,50.906,52.226,1,31.8,11.953,22.934,288.953,706.888,FALSE,A
7200,20,27,15.738,97.751,0,39.066,36.626,0,0,0,TRUE,A
7200,20,27,51.592,56.284,1,20.895,18.854,0,287.775,683.762,FALSE,B
7200,20,27,14.175,92.763,0,44.886,36.699,0,0,0,TRUE,B
7200,20,26,50.906,52.226,1,31.8,11.953,22.934,295.584,726.475,FALSE,A
7200,20,26,15.738,97.751,0,39.066,36.626,0,0,0,TRUE,A
7200,20,26,51.836,56.319,1,21.004,18.564,0,310.106,764.478,FALSE,B
7200,20,26,13.623,92.035,0,43.173,39.225,0,0,0,TRUE,B
7200,19,26,53.581,55.015,1,33.559,12.5,24.21,304.248,745.084,FALSE,A
7200,19,26,16.547,102.857,0,41.089,38.642,0,0,0,TRUE,A
7200,19,26,52.678,57.528,1,21.415,19.313,0,323.036,784.568,FALSE,B
7200,19,26,14.339,94.479,0,45.942,37.399,0,0,0,TRUE,B
7200,19,25,53.581,55.015,1,33.559,12.5,24.21,311.122,765.4,FALSE,A
7200,19,25,16.547,102.857,0,41.089,38.642,0,0,0,TRUE,A
7200,19,25,52.499,57.02,1,18.413,25.322,0,319.942,757.944,FALSE,B
7200,19,25,13.536,91.711,0,47.274,37.533,0,0,0,TRUE,B
7680,24,32,54.507,29.134,1,9.16,6.2,15.497,216.654,604.514,FALSE,A
7680,24,32,17.86,113.268,0,30.627,42.747,0,0,0,TRUE,A
7680,24,32,54.952,26.32,1,0,4.685,0,233.381,612.99,FALSE,B
7680,24,32,16.627,110.111,0,28.893,47.595,0,0,0,TRUE,B
7680,23,31,56.922,30.393,1,9.576,6.412,16.208,266.278,631.712,FALSE,A
7680,23,31,18.64,118.241,0,31.95,44.658,0,0,0,TRUE,A
7680,23,31,55.819,26.633,1,0,4.727,0,269.268,636.033,FALSE,B
7680,23,31,16.81,111.851,0,29.307,48.329,0,0,0,TRUE,B
7680,23,30,56.922,30.393,1,9.576,6.412,16.208,271.161,645.763,FALSE,A
7680,23,30,18.64,118.241,0,31.95,44.658,0,0,0,TRUE,A
7680,23,30,54.645,29.836,1,0,9.352,0,283.691,671.709,FALSE,B
7680,23,30,15.796,106.309,0,32.553,45.772,0,0,0,TRUE,B
7680,22,30,49.5,50.744,1,30.879,11.65,22.288,280.214,684.688,FALSE,A
7680,22,30,15.319,95.001,0,38.029,35.59,0,0,0,TRUE,A
7680,22,30,53.859,57.438,1,26.063,11.22,0,274.007,700.035,FALSE,B
7680,22,30,14.803,96.378,0,42.864,42.23,0,0,0,TRUE,B
7680,22,29,49.5,50.744,1,30.879,11.65,22.288,286.675,703.765,FALSE,A
7680,22,29,15.319,95.001,0,38.029,35.59,0,0,0,TRUE,A
7680,22,29,53.859,57.438,1,26.063,11.22,0,291.645,700.35,FALSE,B
7680,22,29,14.803,96.378,0,42.864,42.23,0,0,0,TRUE,B
7680,21,29,51.736,53.126,1,32.362,12.113,23.349,293.56,718.291,FALSE,A
7680,21,29,16.005,99.32,0,39.717,37.272,0,0,0,TRUE,A
7680,21,29,54.851,58.539,1,26.501,11.433,0,296.949,713.244,FALSE,B
7680,21,29,15.079,98.059,0,43.818,42.989,0,0,0,TRUE,B
7680,21,28,51.736,53.126,1,32.362,12.113,23.349,254.88,718.945,FALSE,A
7680,21,28,16.005,99.32,0,39.717,37.272,0,0,0,TRUE,A
7680,21,28,54.761,58.525,1,26.257,11.932,0,267.096,713.209,FALSE,B
7680,21,28,15.146,98.071,0,43.987,42.608,0,0,0,TRUE,B
7680,20,27,54.298,55.725,1,34.016,12.648,24.541,308.245,755.131,FALSE,A
7680,20,27,16.768,104.261,0,41.601,39.142,0,0,0,TRUE,A
7680,20,27,55.075,60.154,1,22.46,19.901,0,307.019,730.333,FALSE,B
7680,20,27,15.006,98.73,0,47.807,39.388,0,0,0,TRUE,B
7680,20,26,54.298,55.725,1,34.016,12.648,24.541,315.359,776.167,FALSE,A
7680,20,26,16.768,104.261,0,41.601,39.142,0,0,0,TRUE,A
7680,20,26,55.277,60.109,1,22.54,19.733,0,330.837,816.743,FALSE,B
7680,20,26,14.5,98.072,0,46.06,41.88,0,0,0,TRUE,B
7680,19,26,57.259,58.844,1,35.884,13.305,25.891,324.599,795.778,FALSE,A
7680,19,26,17.669,109.97,0,43.888,41.29,0,0,0,TRUE,A
7680,19,26,56.085,61.278,1,23.007,20.379,0,344.663,838.235,FALSE,B
7680,19,26,15.418,100.781,0,48.812,40.059,0,0,0,TRUE,B
7680,19,25,57.259,58.844,1,35.884,13.305,25.891,331.953,817.534,FALSE,A
7680,19,25,17.669,109.97,0,43.888,41.29,0,0,0,TRUE,A
7680,19,25,55.91,60.818,1,19.597,27.022,0,341.325,809.569,FALSE,B
7680,19,25,14.523,97.725,0,50.536,39.987,0,0,0,TRUE,B
8160,24,32,57.923,30.964,1,9.752,6.513,16.481,230.161,643.292,FALSE,A
8160,24,32,18.961,120.441,0,32.492,45.473,0,0,0,TRUE,A
8160,24,32,58.39,27.835,1,0,4.94,0,247.918,652.271,FALSE,B
8160,24,32,17.694,117.194,0,30.664,50.556,0,0,0,TRUE,B
8160,23,31,60.457,32.324,1,10.24,6.77,17.21,283.079,672.5,FALSE,A
8160,23,31,19.795,125.783,0,33.916,47.505,0,0,0,TRUE,A
8160,23,31,59.251,28.231,1,0,4.95,0,286.077,676.765,FALSE,B
8160,23,31,17.965,118.971,0,31.141,51.343,0,0,0,TRUE,B
8160,23,30,60.457,32.324,1,10.24,6.77,17.21,288.222,687.331,FALSE,A
8160,23,30,19.795,125.783,0,33.916,47.505,0,0,0,TRUE,A
8160,23,30,58.038,31.773,1,0,9.86,0,301.507,714.914,FALSE,B
8160,23,30,16.828,112.974,0,34.586,48.669,0,0,0,TRUE,B
8160,22,30,52.455,53.838,1,32.805,12.25,23.669,297.79,728.944,FALSE,A
8160,22,30,16.218,100.695,0,40.256,37.814,0,0,0,TRUE,A
8160,22,30,57.215,61.021,1,27.788,11.769,0,291.112,744.794,FALSE,B
8160,22,30,15.671,102.27,0,45.605,44.973,0,0,0,TRUE,B
8160,22,29,52.455,53.838,1,32.805,12.25,23.669,304.471,748.681,FALSE,A
8160,22,29,16.218,100.695,0,40.256,37.814,0,0,0,TRUE,A
8160,22,29,57.215,61.021,1,27.788,11.769,0,309.898,745.073,FALSE,B
8160,22,29,15.671,102.27,0,45.605,44.973,0,0,0,TRUE,B
8160,21,29,54.998,56.451,1,34.469,12.805,24.838,312.068,764.584,FALSE,A
8160,21,29,17,105.633,0,42.149,39.657,0,0,0,TRUE,A
8160,21,29,58.227,62.102,1,28.346,11.928,0,315.569,759.09,FALSE,B
8160,21,29,16.005,104.105,0,46.511,45.833,0,0,0,TRUE,B
8160,21,28,54.998,56.451,1,34.469,12.805,24.838,270.667,764.584,FALSE,A
8160,21,28,17,105.633,0,42.149,39.657,0,0,0,TRUE,A
8160,21,28,58.142,62.123,1,28.092,12.493,0,283.624,758.526,FALSE,B
8160,21,28,16.052,104.06,0,46.739,45.383,0,0,0,TRUE,B
8160,20,27,57.671,59.283,1,36.145,13.406,26.084,327.579,803.449,FALSE,A
8160,20,27,17.806,110.8,0,44.193,41.612,0,0,0,TRUE,A
8160,20,27,58.42,63.939,1,24.034,21.187,0,326.211,776.969,FALSE,B
8160,20,27,15.939,104.864,0,50.813,41.74,0,0,0,TRUE,B
8160,20,26,57.671,59.283,1,36.145,13.406,26.084,335.115,825.751,FALSE,A
8160,20,26,17.806,110.8,0,44.193,41.612,0,0,0,TRUE,A
8160,20,26,58.728,63.702,1,23.947,21.142,0,351.574,868.764,FALSE,B
8160,20,26,15.375,104.309,0,49.08,44.29,0,0,0,TRUE,B
8160,19,26,60.765,62.51,1,38.138,14.094,27.452,344.896,846.574,FALSE,A
8160,19,26,18.798,116.824,0,46.553,43.866,0,0,0,TRUE,A
8160,19,26,59.663,65.261,1,24.485,21.567,0,366.297,891.832,FALSE,B
8160,19,26,16.188,106.835,0,52.058,42.637,0,0,0,TRUE,B
8160,19,25,60.765,62.51,1,38.138,14.094,27.452,352.759,869.857,FALSE,A
8160,19,25,18.798,116.824,0,46.553,43.866,0,0,0,TRUE,A
8160,19,25,59.479,64.703,1,20.951,28.507,0,362.721,861.191,FALSE,B
8160,19,25,15.283,103.666,0,53.684,42.703,0,0,0,TRUE,B
8640,24,32,61.332,32.787,1,10.382,6.857,17.458,243.736,682.181,FALSE,A
8640,24,32,20.045,127.57,0,34.381,48.188,0,0,0,TRUE,A
8640,24,32,61.794,29.558,1,0,5.111,0,262.393,691.528,FALSE,B
8640,24,32,18.728,123.948,0,32.527,53.658,0,0,0,TRUE,B
8640,23,31,64.08,34.242,1,10.859,7.11,18.261,299.657,712.568,FALSE,A
8640,23,31,20.893,133.262,0,35.906,50.387,0,0,0,TRUE,A
8640,23,31,62.629,29.913,1,0,5.188,0,302.953,717.558,FALSE,B
8640,23,31,19.153,125.883,0,32.994,54.429,0,0,0,TRUE,B
8640,23,30,64.08,34.242,1,10.859,7.11,18.261,305.297,728.89,FALSE,A
8640,23,30,20.893,133.262,0,35.906,50.387,0,0,0,TRUE,A
8640,23,30,61.393,33.654,1,0,10.441,0,319.204,757.704,FALSE,B
8640,23,30,17.884,119.496,0,36.679,51.525,0,0,0,TRUE,B
8640,22,30,55.562,57.063,1,34.802,12.93,25.112,315.28,772.588,FALSE,A
8640,22,30,17.152,106.708,0,42.595,40.076,0,0,0,TRUE,A
8640,22,30,60.53,64.578,1,29.527,12.391,0,308.111,789.478,FALSE,B
8640,22,30,16.654,108.329,0,48.249,47.718,0,0,0,TRUE,B
8640,22,29,55.562,57.063,1,34.802,12.93,25.112,322.547,794.083,FALSE,A
8640,22,29,17.152,106.708,0,42.595,40.076,0,0,0,TRUE,A
8640,22,29,60.53,64.578,1,29.527,12.391,0,328.123,789.769,FALSE,B
8640,22,29,16.654,108.329,0,48.249,47.718,0,0,0,TRUE,B
8640,21,29,58.249,59.887,1,36.497,13.533,26.324,330.414,810.328,FALSE,A
8640,21,29,17.951,111.901,0,44.631,42.027,0,0,0,TRUE,A
8640,21,29,61.631,65.693,1,30.141,12.543,0,334.102,804.374,FALSE,B
8640,21,29,17.028,110.316,0,49.126,48.663,0,0,0,TRUE,B
8640,21,28,58.249,59.887,1,36.497,13.533,26.324,286.706,810.748,FALSE,A
8640,21,28,17.951,111.901,0,44.631,42.027,0,0,0,TRUE,A
8640,21,28,61.539,65.714,1,29.853,13.144,0,300.362,804.303,FALSE,B
8640,21,28,17.066,110.263,0,49.413,48.175,0,0,0,TRUE,B
8640,20,27,61.028,62.803,1,38.331,14.165,27.574,346.879,851.671,FALSE,A
8640,20,27,18.881,117.364,0,46.775,44.079,0,0,0,TRUE,A
8640,20,27,61.878,67.778,1,25.477,22.348,0,345.446,823.62,FALSE,B
8640,20,27,16.83,110.875,0,53.946,44.249,0,0,0,TRUE,B
8640,20,26,61.028,62.803,1,38.331,14.165,27.574,354.832,875.224,FALSE,A
8640,20,26,18.881,117.364,0,46.775,44.079,0,0,0,TRUE,A
8640,20,26,62.204,67.53,1,25.505,22.043,0,372.343,921.012,FALSE,B
8640,20,26,16.249,110.351,0,51.834,47.214,0,0,0,TRUE,B
8640,19,26,64.274,66.136,1,40.415,14.864,29.06,365.16,897.298,FALSE,A
8640,19,26,19.923,123.636,0,49.24,46.452,0,0,0,TRUE,A
8640,19,26,63.12,69.19,1,26.094,22.604,0,387.85,945.312,FALSE,B
8640,19,26,17.171,113.013,0,54.949,45.341,0,0,0,TRUE,B
8640,19,25,64.274,66.136,1,40.415,14.864,29.06,373.544,922.144,FALSE,A
8640,19,25,19.923,123.636,0,49.24,46.452,0,0,0,TRUE,A
8640,19,25,62.924,68.559,1,22.196,30.152,0,384.091,912.818,FALSE,B
8640,19,25,16.243,109.832,0,56.704,45.224,0,0,0,TRUE,B
9120,24,32,64.748,34.656,1,10.996,7.194,18.428,257.315,720.965,FALSE,A
9120,24,32,21.117,134.697,0,36.266,50.898,0,0,0,TRUE,A
9120,24,32,65.223,31.022,1,0,5.326,0,277.055,730.803,FALSE,B
9120,24,32,19.891,130.958,0,34.327,56.697,0,0,0,TRUE,B
9120,23,31,67.645,36.189,1,11.505,7.486,19.269,316.408,753.239,FALSE,A
9120,23,31,22.085,140.733,0,37.883,53.205,0,0,0,TRUE,A
9120,23,31,66.143,31.422,1,0,5.358,0,319.888,758.387,FALSE,B
9120,23,31,20.251,132.972,0,34.766,57.582,0,0,0,TRUE,B
9120,23,30,67.645,36.189,1,11.505,7.486,19.269,322.144,769.849,FALSE,A
9120,23,30,22.085,140.733,0,37.883,53.205,0,0,0,TRUE,A
9120,23,30,64.855,35.523,1,0,10.912,0,337.029,800.767,FALSE,B
9120,23,30,18.813,126.149,0,38.692,54.53,0,0,0,TRUE,B
9120,22,30,58.662,60.361,1,36.78,13.636,26.524,332.967,816.766,FALSE,A
9120,22,30,18.076,112.685,0,44.945,42.331,0,0,0,TRUE,A
9120,22,30,63.918,68.065,1,31.33,12.894,0,325.25,834.341,FALSE,B
9120,22,30,17.599,114.34,0,50.843,50.507,0,0,0,TRUE,B
9120,22,29,58.662,60.361,1,36.78,13.636,26.524,340.447,838.9,FALSE,A
9120,22,29,18.076,112.685,0,44.945,42.331,0,0,0,TRUE,A
9120,22,29,63.918,68.065,1,31.33,12.894,0,346.367,834.608,FALSE,B
9120,22,29,17.599,114.34,0,50.843,50.507,0,0,0,TRUE,B
9120,21,29,61.472,63.248,1,38.601,14.254,27.764,348.758,856.153,FALSE,A
9120,21,29,19.021,118.195,0,47.07,44.375,0,0,0,TRUE,A
9120,21,29,65.038,69.436,1,31.938,13.149,0,352.629,849.907,FALSE,B
9120,21,29,17.832,116.232,0,51.838,51.419,0,0,0,TRUE,B
9120,21,28,61.472,63.248,1,38.601,14.254,27.764,302.498,856.309,FALSE,A
9120,21,28,19.021,118.195,0,47.07,44.375,0,0,0,TRUE,A
9120,21,28,64.95,69.456,1,31.62,13.802,0,316.774,849.304,FALSE,B
9120,21,28,17.872,116.181,0,52.154,50.88,0,0,0,TRUE,B
9120,20,27,64.408,66.286,1,40.498,14.897,29.133,366.188,899.995,FALSE,A
9120,20,27,19.957,123.912,0,49.361,46.548,0,0,0,TRUE,A
9120,20,27,65.326,71.69,1,26.987,23.359,0,364.582,869.908,FALSE,B
9120,20,27,17.747,116.862,0,56.855,46.946,0,0,0,TRUE,B
9120,20,26,64.408,66.286,1,40.498,14.897,29.133,374.558,924.799,FALSE,A
9120,20,26,19.957,123.912,0,49.361,46.548,0,0,0,TRUE,A
9120,20,26,65.642,71.364,1,26.927,23.232,0,393.061,973.08,FALSE,B
9120,20,26,17.162,116.414,0,54.764,49.861,0,0,0,TRUE,B
9120,19,26,67.767,69.922,1,42.682,15.588,30.724,385.481,948.31,FALSE,A
9120,19,26,21.006,130.374,0,51.892,49.045,0,0,0,TRUE,A
9120,19,26,66.618,73.012,1,27.47,23.879,0,409.487,998.856,FALSE,B
9120,19,26,18.183,119.39,0,58.071,47.87,0,0,0,TRUE,B
9120,19,25,67.767,69.922,1,42.682,15.588,30.724,394.322,974.527,FALSE,A
9120,19,25,21.006,130.374,0,51.892,49.045,0,0,0,TRUE,A
9120,19,25,66.452,72.159,1,23.478,31.664,0,405.463,964.276,FALSE,B
9120,19,25,17.157,116.068,0,59.864,47.93,0,0,0,TRUE,B
9600,24,32,68.15,36.462,1,11.587,7.543,19.423,270.93,759.803,FALSE,A
9600,24,32,22.253,141.817,0,38.174,53.591,0,0,0,TRUE,A
9600,24,32,68.668,32.644,1,0,5.531,0,291.864,770.017,FALSE,B
9600,24,32,20.918,137.849,0,36.137,59.769,0,0,0,TRUE,B
9600,23,31,71.234,38.161,1,12.085,7.853,20.333,333.116,793.775,FALSE,A
9600,23,31,23.215,148.198,0,39.887,56.034,0,0,0,TRUE,A
9600,23,31,69.657,33.093,1,0,5.569,0,336.794,799.095,FALSE,B
9600,23,31,21.225,139.868,0,36.642,60.712,0,0,0,TRUE,B
9600,23,30,71.234,38.161,1,12.085,7.853,20.333,339.219,811.486,FALSE,A
9600,23,30,23.215,148.198,0,39.887,56.034,0,0,0,TRUE,A
9600,23,30,68.338,37.29,1,0,11.315,0,354.719,843.444,FALSE,B
9600,23,30,19.743,132.786,0,40.694,57.587,0,0,0,TRUE,B
9600,22,30,61.761,63.52,1,38.774,14.311,27.877,350.41,860.287,FALSE,A
9600,22,30,19.108,118.753,0,47.304,44.592,0,0,0,TRUE,A
9600,22,30,67.229,71.708,1,33.084,13.505,0,342.293,879.108,FALSE,B
9600,22,30,18.494,120.283,0,53.541,53.236,0,0,0,TRUE,B
9600,22,29,61.761,63.52,1,38.774,14.311,27.877,358.537,884.362,FALSE,A
9600,22,29,19.108,118.753,0,47.304,44.592,0,0,0,TRUE,A
9600,22,29,67.229,71.708,1,33.084,13.505,0,364.645,879.387,FALSE,B
9600,22,29,18.494,120.283,0,53.541,53.236,0,0,0,TRUE,B
9600,21,29,64.694,66.615,1,40.686,14.947,29.268,367.128,902.008,FALSE,A
9600,21,29,20.038,124.423,0,49.562,46.767,0,0,0,TRUE,A
9600,21,29,68.498,72.994,1,33.616,13.818,0,371.266,895.582,FALSE,B
9600,21,29,18.828,122.511,0,54.608,54.155,0,0,0,TRUE,B
9600,21,28,64.694,66.615,1,40.686,14.947,29.268,318.528,902.554,FALSE,A
9600,21,28,20.038,124.423,0,49.562,46.767,0,0,0,TRUE,A
9600,21,28,68.401,73.033,1,33.272,14.51,0,333.587,895.282,FALSE,B
9600,21,28,18.864,122.445,0,54.938,53.58,0,0,0,TRUE,B
9600,20,27,67.767,69.922,1,42.682,15.588,30.724,385.481,948.31,FALSE,A
9600,20,27,21.006,130.374,0,51.892,49.045,0,0,0,TRUE,A
9600,20,27,68.726,75.355,1,28.366,24.591,0,383.851,916.711,FALSE,B
9600,20,27,18.755,123.14,0,59.909,49.395,0,0,0,TRUE,B
9600,20,26,67.767,69.922,1,42.682,15.588,30.724,394.322,974.527,FALSE,A
9600,20,26,21.006,130.374,0,51.892,49.045,0,0,0,TRUE,A
9600,20,26,69.059,75.229,1,28.455,24.301,0,413.717,1025.222,FALSE,B
9600,20,26,18.035,122.515,0,57.554,52.621,0,0,0,TRUE,B
9600,19,26,71.448,73.675,1,45.059,16.415,32.454,405.913,999.148,FALSE,A
9600,19,26,22.12,137.44,0,54.685,51.704,0,0,0,TRUE,A
9600,19,26,70.12,76.944,1,28.947,24.962,0,431.01,1052.101,FALSE,B
9600,19,26,19.127,125.643,0,61.017,50.551,0,0,0,TRUE,B
9600,19,25,71.448,73.675,1,45.059,16.415,32.454,415.044,1026.235,FALSE,A
9600,19,25,22.12,137.44,0,54.685,51.704,0,0,0,TRUE,A
9600,19,25,69.92,75.969,1,24.866,33.223,0,426.786,1015.808,FALSE,B
9600,19,25,18.046,122.106,0,62.927,50.518,0,0,0,TRUE,B
