Time,GCD,DOT,Xunhuan,Longyin,Longya,Pofeng,Chuanyun,Zhanbafang,Mie,Liuxue,Poxue,ZTotal,DTotal,Meihua,DChuanyun,DDot,Zcover,Dcover,DMcover,DCcover,DDcover
960,24,32,A,9.4004,19.5804,1,6.051,7.1992,1.633,27.042,61.067,40,88.109,44.864,57.48244925,51.4688,1,0.734241667,1.1216,1.437061231,1.715626667
960,24,32,B,9.2224,18.7554,1,5.058,7.6358,0,28.671,62.191,36.86,90.862,41.6716,53.96075068,53.5474,0.9215,0.757183333,1.04179,1.349018767,1.784913333
960,23,31,A,9.9156,20.6058,1,6.3308,7.5336,1.733,32.758,64.709,42,97.467,47.1188,60.43647393,58.6416,1.05,0.812225,1.17797,1.510911848,1.95472
960,23,31,B,9.4166,19.2654,1,5.1228,7.8446,0,33.11,65.173,37.705,98.283,42.6494,55.29196606,59.1792,0.942625,0.819025,1.066235,1.382299152,1.97264
960,23,30,A,9.9156,20.6058,1,6.3308,7.5336,1.733,33.495,66.322,42,99.817,47.1188,60.43647393,60.0238,1.05,0.831808333,1.17797,1.510911848,2.000793333
960,23,30,B,9.0554,18.7082,1,5.7792,8.0176,0,35.058,69.979,37.816,105.037,42.5604,54.96749071,63.0496,0.9454,0.875308333,1.06401,1.374187268,2.101653333
960,22,30,A,8.6362,19.949,1,9.513,7.1076,2.321,34.585,70.477,44,105.062,48.5268,61.20814338,62.7758,1.1,0.875516667,1.21317,1.530203585,2.092526667
960,22,30,B,9.1516,21.006,1,9.6344,8.0022,0,34.196,72.601,43.961,106.797,48.7942,62.26517704,63.2364,1.099025,0.889975,1.219855,1.556629426,2.10788
960,22,29,A,8.6362,19.949,1,9.513,7.1076,2.321,35.354,72.478,44,107.832,48.5268,61.20814338,64.3452,1.1,0.8986,1.21317,1.530203585,2.14484
960,22,29,B,9.1516,21.006,1,9.6344,8.0022,0,36.08,72.799,43.961,108.879,48.7942,62.26517704,65.1996,1.099025,0.907325,1.219855,1.556629426,2.17332
960,21,29,A,9.0466,20.9054,1,9.9458,7.3608,2.471,36.145,74.503,46,110.648,50.7296,64.03122409,65.9462,1.15,0.922066667,1.26824,1.600780602,2.198206667
960,21,29,B,9.3342,21.4292,1,9.8272,8.0572,0,36.695,74.497,44.717,111.192,49.6478,63.36426951,66.4938,1.117925,0.9266,1.241195,1.584106738,2.21646
960,21,28,A,9.0466,20.9054,1,9.9458,7.3608,2.471,32.264,75.322,46,107.586,50.7296,64.03122409,62.3928,1.15,0.89655,1.26824,1.600780602,2.07976
960,21,28,B,9.3282,21.4314,1,9.84,8.0518,0,33.781,75.147,44.724,108.928,49.6514,63.36565718,63.8398,1.1181,0.907733333,1.241285,1.58414143,2.127993333
960,20,27,A,9.4308,21.8628,1,10.3582,7.6998,2.592,38.013,79.225,48,117.238,52.9436,66.89705176,69.703,1.2,0.976983333,1.32359,1.672426294,2.323433333
960,20,27,B,9.2842,21.6642,1,9.9364,8.591,0,38.04,77.95,45.538,115.99,50.4758,64.52290842,69.22,1.13845,0.966583333,1.261895,1.613072711,2.307333333
960,20,26,A,9.4308,21.8628,1,10.3582,7.6998,2.592,38.915,81.625,48,120.54,52.9436,66.89705176,71.565,1.2,1.0045,1.32359,1.672426294,2.3855
960,20,26,B,9.283,21.5778,1,9.675,8.849,0,40.582,86.775,45.494,127.357,50.3848,64.50322491,75.292,1.13735,1.061308333,1.25962,1.612580623,2.509733333
960,19,26,A,10.0046,23.253,1,11.0496,8.1536,2.798,40.21,84.637,51,124.847,56.2588,71.14662055,74.0648,1.275,1.040391667,1.40647,1.778665514,2.468826667
960,19,26,B,9.5448,22.349,1,10.1664,8.8122,0,42.489,89.16,46.802,131.649,51.8724,66.36852852,78.153,1.17005,1.097075,1.29681,1.659213213,2.6051
960,19,25,A,10.0046,23.253,1,11.0496,8.1536,2.798,41.009,86.728,51,127.737,56.2588,71.14662055,75.7002,1.275,1.064475,1.40647,1.778665514,2.52334
960,19,25,B,9.3998,21.9298,1,9.9748,9.5972,0,42.2,87.077,46.853,129.277,51.9016,66.52176331,77.0308,1.171325,1.077308333,1.29754,1.663044083,2.567693333
1440,24,32,A,14.1668,29.9312,1,8.9258,10.7826,2.635,40.539,99.836,60,140.375,67.4414,87.1423395,80.4734,1,0.779861111,1.124023333,1.452372325,1.788297778
1440,24,32,B,13.9276,28.7294,1,7.2084,11.4904,0,43.211,101.433,54.982,144.644,62.3558,81.59346434,83.7842,0.916366667,0.803577778,1.039263333,1.359891072,1.861871111
1440,23,31,A,14.8718,31.5142,1,9.3608,11.3116,2.769,49.413,105.041,63,154.454,70.8274,91.59840647,91.4294,1.05,0.858077778,1.180456667,1.526640108,2.031764444
1440,23,31,B,14.1288,29.269,1,7.314,11.6446,0,49.899,105.981,55.868,155.88,63.3564,82.93859545,92.2914,0.931133333,0.866,1.05594,1.382309924,2.05092
1440,23,30,A,14.8718,31.5142,1,9.3608,11.3116,2.769,50.445,107.539,63,157.984,70.8274,91.59840647,93.4606,1.05,0.877688889,1.180456667,1.526640108,2.076902222
1440,23,30,B,13.5742,28.5264,1,8.2116,11.9416,0,52.824,113.126,56.047,165.95,63.2538,82.53987358,98.0744,0.934116667,0.921944444,1.05423,1.37566456,2.179431111
1440,22,30,A,12.9,30.3616,1,14.3576,10.4812,3.735,52.153,114.412,66,166.565,72.8354,92.49034285,97.9178,1.1,0.925361111,1.213923333,1.541505714,2.175951111
1440,22,30,B,13.537,31.6846,1,14.3674,11.6784,0,51.246,117.591,65.025,168.837,72.2674,92.88610265,98.2824,1.08375,0.937983333,1.204456667,1.548101711,2.184053333
1440,22,29,A,12.9,30.3616,1,14.3576,10.4812,3.735,53.318,117.601,66,170.919,72.8354,92.49034285,100.3584,1.1,0.94955,1.213923333,1.541505714,2.230186667
1440,22,29,B,13.537,31.6846,1,14.3674,11.6784,0,54.279,117.945,65.025,172.224,72.2674,92.88610265,101.457,1.08375,0.9568,1.204456667,1.548101711,2.2546
1440,21,29,A,13.483,31.785,1,15.0148,10.9604,3.915,54.706,120.823,69,175.529,76.1582,96.77331526,103.0352,1.15,0.975161111,1.269303333,1.612888588,2.289671111
1440,21,29,B,13.788,32.533,1,14.7246,11.8686,0,55.337,120.64,66.512,175.977,73.9142,95.04232405,103.593,1.108533333,0.97765,1.231903333,1.584038734,2.302066667
1440,21,28,A,13.483,31.785,1,15.0148,10.9604,3.915,48.053,120.823,69,168.876,76.1582,96.77331526,96.3822,1.15,0.9382,1.269303333,1.612888588,2.141826667
1440,21,28,B,13.7698,32.5272,1,14.7426,11.8694,0,50.273,120.712,66.515,170.985,73.909,95.03208535,98.5578,1.108583333,0.949916667,1.231816667,1.583868089,2.190173333
1440,20,27,A,14.0836,33.2136,1,15.678,11.3964,4.109,57.32,127.525,72,184.845,79.4806,101.0432426,108.33,1.2,1.026916667,1.324676667,1.684054043,2.407333333
1440,20,27,B,13.8708,33.1008,1,14.883,12.6686,0,57.176,124.608,68.084,181.784,75.5232,97.26950372,107.0192,1.134733333,1.009911111,1.25872,1.621158395,2.378204444
1440,20,26,A,14.0836,33.2136,1,15.678,11.3964,4.109,58.709,131.386,72,190.095,79.4806,101.0432426,111.2634,1.2,1.056083333,1.324676667,1.684054043,2.47252
1440,20,26,B,13.6968,32.785,1,14.5258,13.3898,0,61.39,138.826,68.007,200.216,75.3974,97.28343457,116.9204,1.13345,1.112311111,1.256623333,1.621390576,2.598231111
1440,19,26,A,14.8792,35.1008,1,16.5354,12.0362,4.359,60.454,135.268,76,195.722,83.9106,106.7523548,114.5612,1.266666667,1.087344444,1.39851,1.779205913,2.545804444
1440,19,26,B,14.0756,33.7928,1,15.2712,13.0086,0,64.051,142.815,69.546,206.866,77.1482,99.38970884,121.177,1.1591,1.149255556,1.285803333,1.656495147,2.692822222
1440,19,25,A,14.8792,35.1008,1,16.5354,12.0362,4.359,61.779,138.937,76,200.716,83.9106,106.7523548,117.3538,1.266666667,1.115088889,1.39851,1.779205913,2.607862222
1440,19,25,B,13.8716,33.1276,1,14.8758,14.2438,0,63.554,138.752,69.61,202.306,77.1188,99.55651702,119.0548,1.160166667,1.123922222,1.285313333,1.659275284,2.645662222
1920,24,32,A,18.927,40.3366,1,11.792,14.3548,3.612,54.013,138.62,80,192.633,90.0224,116.8234625,109.461,1,0.8026375,1.12528,1.460293281,1.82435
1920,24,32,B,18.58,38.8952,1,9.1668,15.3086,0,57.79,140.968,73.034,198.758,82.9506,109.2013629,114.1772,0.912925,0.828158333,1.0368825,1.365017036,1.902953333
1920,23,31,A,19.8624,42.4382,1,12.3448,15.0988,3.797,66.17,145.67,84,211.84,94.5412,122.7812643,124.438,1.05,0.882666667,1.181765,1.534765804,2.073966667
1920,23,31,B,18.9228,39.4896,1,9.3648,15.5852,0,66.769,146.597,74.273,213.366,84.3624,111.0567853,125.4078,0.9284125,0.889025,1.05453,1.388209816,2.09013
1920,23,30,A,19.8624,42.4382,1,12.3448,15.0988,3.797,67.48,149.002,84,216.482,94.5412,122.7812643,127.0808,1.05,0.902008333,1.181765,1.534765804,2.118013333
1920,23,30,B,18.1822,38.4916,1,10.6188,15.9092,0,70.6,156.173,74.485,226.773,84.2018,110.4665362,133.0692,0.9310625,0.9448875,1.0525225,1.380831703,2.21782
1920,22,30,A,17.1938,40.8266,1,19.1266,13.8902,5.137,69.72,158.26,88,227.98,97.1742,123.845745,133.024,1.1,0.949916667,1.2146775,1.548071813,2.217066667
1920,22,30,B,18.0642,42.843,1,19.2238,15.5938,0,68.274,162.242,86.993,230.516,96.7248,124.8360418,133.1708,1.0874125,0.960483333,1.20906,1.560450523,2.219513333
1920,22,29,A,17.1938,40.8266,1,19.1266,13.8902,5.137,71.172,162.31,88,233.482,97.1742,123.845745,136.096,1.1,0.972841667,1.2146775,1.548071813,2.268266667
1920,22,29,B,18.0642,42.843,1,19.2238,15.5938,0,72.531,162.59,86.993,235.121,96.7248,124.8360418,137.567,1.0874125,0.979670833,1.20906,1.560450523,2.292783333
1920,21,29,A,17.9822,42.7042,1,19.9828,14.528,5.409,73.084,166.693,92,239.777,101.6062,129.5520125,139.7612,1.15,0.999070833,1.2700775,1.619400156,2.329353333
1920,21,29,B,18.39,43.6106,1,19.6386,15.8968,0,73.916,165.94,88.603,239.856,98.536,127.1793148,140.292,1.1075375,0.9994,1.2317,1.589741435,2.3382
1920,21,28,A,17.9822,42.7042,1,19.9828,14.528,5.409,64.07,167.11,92,231.18,101.6062,129.5520125,130.914,1.15,0.96325,1.2700775,1.619400156,2.1819
1920,21,28,B,18.379,43.6158,1,19.6354,15.8992,0,67.069,166.36,88.604,233.429,98.5294,127.174497,133.613,1.10755,0.972620833,1.2316175,1.589681213,2.226883333
1920,20,27,A,18.7266,44.586,1,20.8718,15.1196,5.712,76.633,175.807,96,252.44,106.016,135.213647,146.9558,1.2,1.051833333,1.3252,1.690170588,2.449263333
1920,20,27,B,18.3544,44.2236,1,19.8766,16.8652,0,76.426,171.274,90.395,247.7,100.3198,129.6569781,144.9356,1.1299375,1.032083333,1.2539975,1.620712226,2.415593333
1920,20,26,A,18.7266,44.586,1,20.8718,15.1196,5.712,78.448,180.946,96,259.394,106.016,135.213647,150.8264,1.2,1.080808333,1.3252,1.690170588,2.513773333
1920,20,26,B,18.2182,43.9158,1,19.4556,17.6842,0,82.138,191.092,90.351,273.23,100.2738,129.8021861,158.5748,1.1293875,1.138458333,1.2534225,1.622527326,2.642913333
1920,19,26,A,19.894,47.444,1,22.1598,16.0422,6.106,80.795,185.902,102,266.697,112.646,143.7562434,155.1558,1.275,1.1112375,1.408075,1.796953043,2.58593
1920,19,26,B,18.7504,45.2066,1,20.474,17.178,0,85.524,196.25,92.466,281.774,102.609,132.5919639,164.024,1.155825,1.174058333,1.2826125,1.657399549,2.733733333
1920,19,25,A,19.894,47.444,1,22.1598,16.0422,6.106,82.691,191.284,102,273.975,112.646,143.7562434,159.2046,1.275,1.1415625,1.408075,1.796953043,2.65341
1920,19,25,B,18.4688,44.241,1,20.001,18.8302,0,84.934,190.651,92.491,275.585,102.541,132.7502532,161.1944,1.1561375,1.148270833,1.2817625,1.659378165,2.686573333
2400,24,32,A,23.7012,50.7426,1,14.6012,17.9676,4.586,67.536,177.365,100,244.901,112.5986,146.5194467,138.482,1,0.816336667,1.125986,1.465194467,1.846426667
2400,24,32,B,23.204,48.7956,1,11.4,19.2124,0,72.535,180.247,91.155,252.782,103.612,136.7865296,144.6338,0.91155,0.842606667,1.03612,1.367865296,1.928450667
2400,23,31,A,24.8916,53.3166,1,15.3416,18.8578,4.834,82.696,185.687,105,268.383,118.2416,153.9239866,156.9708,1.05,0.89461,1.182416,1.539239866,2.092944
2400,23,31,B,23.63,49.641,1,11.6568,19.5372,0,83.653,187.481,92.78,271.134,105.465,139.2317211,158.6454,0.9278,0.90378,1.05465,1.392317211,2.115272
2400,23,30,A,24.8916,53.3166,1,15.3416,18.8578,4.834,84.573,190.72,105,275.293,118.2416,153.9239866,160.861,1.05,0.917643333,1.182416,1.539239866,2.144813333
2400,23,30,B,22.8198,48.5078,1,13.0272,19.9836,0,88.313,198.998,93.061,287.311,105.3384,138.6556954,167.9122,0.93061,0.957703333,1.053384,1.386556954,2.238829333
2400,22,30,A,21.4282,51.1348,1,23.9606,17.2928,6.67,87.247,202.018,110,289.265,121.4864,155.0998088,168.0542,1.1,0.964216667,1.214864,1.550998088,2.240722667
2400,22,30,B,22.3992,53.393,1,24.2224,19.3964,0,85.415,207.303,108.272,292.718,120.411,155.6578156,168.3362,1.08272,0.975726667,1.20411,1.556578156,2.244482667
2400,22,29,A,21.4282,51.1348,1,23.9606,17.2928,6.67,89.269,207.778,110,297.047,121.4864,155.0998088,172.3802,1.1,0.990156667,1.214864,1.550998088,2.298402667
2400,22,29,B,22.3992,53.393,1,24.2224,19.3964,0,90.792,207.579,108.272,298.371,120.411,155.6578156,173.8236,1.08272,0.99457,1.20411,1.556578156,2.317648
2400,21,29,A,22.4178,53.5708,1,25.0046,18.0632,6.96,91.371,212.386,115,303.757,127.0164,162.2491695,176.3254,1.15,1.012523333,1.270164,1.622491695,2.351005333
2400,21,29,B,22.7832,54.4236,1,24.7536,19.8134,0,92.511,211.641,110.391,304.152,122.7738,158.7314029,177.1674,1.10391,1.01384,1.227738,1.587314029,2.362232
2400,21,28,A,22.4178,53.5708,1,25.0046,18.0632,6.96,79.69,212.494,115,292.184,127.0164,162.2491695,164.6876,1.15,0.973946667,1.270164,1.622491695,2.195834667
2400,21,28,B,22.768,54.4202,1,24.7684,19.8092,0,83.605,211.545,110.396,295.15,122.7658,158.7177601,168.223,1.10396,0.983833333,1.227658,1.587177601,2.242973333
2400,20,27,A,23.393,55.9146,1,26.121,18.8148,7.302,95.945,224.155,120,320.1,132.5454,169.3484548,185.607,1.2,1.067,1.325454,1.693484548,2.47476
2400,20,27,B,22.872,55.3216,1,24.9996,21.1226,0,95.667,217.826,112.87,313.493,125.3158,162.2637375,182.7974,1.1287,1.044976667,1.253158,1.622637375,2.437298667
2400,20,26,A,23.393,55.9146,1,26.121,18.8148,7.302,98.191,230.587,120,328.778,132.5454,169.3484548,190.4258,1.2,1.095926667,1.325454,1.693484548,2.539010667
2400,20,26,B,22.735,55.0758,1,24.4188,21.9706,0,102.793,243.238,112.798,346.031,125.2002,162.3802239,200.0882,1.12798,1.153436667,1.252002,1.623802239,2.667842667
2400,19,26,A,24.7554,59.2428,1,27.6476,19.8892,7.756,101.064,236.722,127,337.786,140.291,179.3214276,195.7528,1.27,1.125953333,1.40291,1.793214276,2.610037333
2400,19,26,B,23.332,56.4832,1,25.606,21.4512,0,107.091,249.611,115.167,356.702,127.8724,165.5645818,206.9354,1.15167,1.189006667,1.278724,1.655645818,2.759138667
2400,19,25,A,24.7554,59.2428,1,27.6476,19.8892,7.756,103.382,243.37,127,346.752,140.291,179.3214276,200.73,1.27,1.15584,1.40291,1.793214276,2.6764
2400,19,25,B,22.9932,55.3928,1,24.9908,23.4032,0,106.265,242.377,115.211,348.642,127.78,165.7617931,203.2158,1.15211,1.16214,1.2778,1.657617931,2.709544
2880,24,32,A,28.4578,61.1692,1,17.439,21.5316,5.575,81.069,216.233,120,297.302,135.1726,176.2000628,167.5622,1,0.825838889,1.126438333,1.468333857,1.861802222
2880,24,32,B,27.9384,58.6896,1,13.614,23.0092,0,87.276,219.601,109.217,306.877,124.2512,164.316918,175.1164,0.910141667,0.852436111,1.035426667,1.36930765,1.945737778
2880,23,31,A,29.8648,64.2676,1,18.2876,22.638,5.881,99.503,226.484,126,325.987,141.939,185.098539,190.0966,1.05,0.905519444,1.182825,1.542487825,2.112184444
2880,23,31,B,28.4438,59.7034,1,13.7424,23.4858,0,100.602,228.34,111.055,328.942,126.3754,167.1880008,191.938,0.925458333,0.913727778,1.053128333,1.39323334,2.132644444
2880,23,30,A,29.8648,64.2676,1,18.2876,22.638,5.881,101.41,231.607,126,333.017,141.939,185.098539,194.0528,1.05,0.925047222,1.182825,1.542487825,2.156142222
2880,23,30,B,27.5574,58.3916,1,15.1896,24.1358,0,106.044,241.649,111.402,347.693,126.2744,166.6318653,202.7036,0.92835,0.965813889,1.052286667,1.388598878,2.252262222
2880,22,30,A,25.5202,61.1932,1,28.4804,20.5208,7.996,104.798,246.28,131,351.078,144.7106,185.0403714,203.31,1.091666667,0.975216667,1.205921667,1.542003095,2.259
2880,22,30,B,26.9226,64.3068,1,29.1302,23.2832,0,102.579,251.881,130.006,354.46,144.6428,187.2568318,203.3314,1.083383333,0.984611111,1.205356667,1.560473598,2.259237778
2880,22,29,A,25.5202,61.1932,1,28.4804,20.5208,7.996,107.053,252.739,131,359.792,144.7106,185.0403714,208.1486,1.091666667,0.999422222,1.205921667,1.542003095,2.312762222
2880,22,29,B,26.9226,64.3068,1,29.1302,23.2832,0,109.078,252.271,130.006,361.349,144.6428,187.2568318,209.9864,1.083383333,1.003747222,1.205356667,1.560473598,2.333182222
2880,21,29,A,26.8386,64.571,1,30.0062,21.5772,8.442,109.741,258.361,138,368.102,152.435,195.0000662,213.0854,1.15,1.022505556,1.270291667,1.625000552,2.367615556
2880,21,29,B,27.485,65.4928,1,29.667,23.787,0,111.07,257.1,132.497,368.17,147.4318,190.8921,213.91,1.104141667,1.022694444,1.228598333,1.5907675,2.376777778
2880,21,28,A,26.8386,64.571,1,30.0062,21.5772,8.442,95.723,258.901,138,354.624,152.435,195.0000662,199.2834,1.15,0.985066667,1.270291667,1.625000552,2.21426
2880,21,28,B,27.4866,65.4884,1,29.6448,23.801,0,100.083,257.262,132.497,357.345,147.4208,190.8853511,202.9878,1.104141667,0.992625,1.228506667,1.590711259,2.25542
2880,20,27,A,28.0334,67.4188,1,31.2754,22.516,8.821,115.23,272.395,144,387.625,159.0646,203.5476224,224.188,1.2,1.076736111,1.325538333,1.696230187,2.490977778
2880,20,27,B,27.4512,66.406,1,30.2022,25.173,0,114.752,264.186,135.28,378.938,150.2324,194.7048184,220.4264,1.127333333,1.052605556,1.251936667,1.622540153,2.449182222
2880,20,26,A,28.0334,67.4188,1,31.2754,22.516,8.821,117.914,280.141,144,398.055,159.0646,203.5476224,229.9704,1.2,1.105708333,1.325538333,1.696230187,2.555226667
2880,20,26,B,27.3072,66.1238,1,29.5256,26.1696,0,123.425,295.382,135.207,418.807,150.1262,194.8769814,241.5778,1.126725,1.163352778,1.251051667,1.623974845,2.684197778
2880,19,26,A,29.5714,71.1972,1,33.0332,23.745,9.375,121.435,287.818,152,409.253,167.9218,214.938825,236.5622,1.266666667,1.136813889,1.399348333,1.791156875,2.628468889
2880,19,26,B,28.0518,67.8666,1,30.9818,25.7588,0,128.714,303.041,138.356,431.755,153.659,199.1449531,249.9304,1.152966667,1.199319444,1.280491667,1.659541276,2.777004444
2880,19,25,A,29.5714,71.1972,1,33.0332,23.745,9.375,124.078,295.441,152,419.519,167.9218,214.938825,242.2544,1.266666667,1.165330556,1.399348333,1.791156875,2.691715556
2880,19,25,B,27.6182,66.3682,1,30.2978,28.198,0,127.662,293.788,138.339,421.45,153.4822,199.2660789,245.1772,1.152825,1.170694444,1.279018333,1.660550658,2.724191111
3360,24,32,A,33.192,71.6056,1,20.2678,25.1202,6.554,94.63,255.086,140,349.716,157.7396,205.8847582,196.6644,1,0.832657143,1.126711429,1.470605416,1.872994286
3360,24,32,B,32.6596,68.5314,1,15.7992,26.965,0,101.795,258.705,127.341,360.5,144.9552,191.9546778,205.277,0.909578571,0.858333333,1.035394286,1.371104841,1.955019048
3360,23,31,A,34.8612,75.2536,1,21.2338,26.3788,6.91,116.253,267.215,147,383.468,165.6374,216.2754287,223.139,1.05,0.913019048,1.183124286,1.544824491,2.125133333
3360,23,31,B,33.2212,69.6266,1,15.918,27.3964,0,117.427,268.99,129.244,386.417,147.1622,194.9348839,225.023,0.923171429,0.920040476,1.051158571,1.392392028,2.14307619
3360,23,30,A,34.8612,75.2536,1,21.2338,26.3788,6.91,118.472,273.274,147,391.746,165.6374,216.2754287,227.7816,1.05,0.932728571,1.183124286,1.544824491,2.169348571
3360,23,30,B,32.0278,67.9462,1,17.9928,28.0222,0,123.852,284.972,129.667,408.824,146.989,194.0808529,237.8408,0.926192857,0.973390476,1.049921429,1.386291806,2.265150476
3360,22,30,A,29.7606,71.6688,1,33.2416,23.9138,9.443,122.245,289.813,153,412.058,169.0278,216.3672537,238.1702,1.092857143,0.981090476,1.207341429,1.545480384,2.268287619
3360,22,30,B,31.418,75.0788,1,34.0532,27.1662,0,119.723,296.634,151.617,416.357,168.7162,218.6264521,238.3766,1.082978571,0.99132619,1.205115714,1.561617515,2.270253333
3360,22,29,A,29.7606,71.6688,1,33.2416,23.9138,9.443,125.134,298.174,153,423.308,169.0278,216.3672537,244.4036,1.092857143,1.00787619,1.207341429,1.545480384,2.327653333
3360,22,29,B,31.418,75.0788,1,34.0532,27.1662,0,127.29,296.892,151.617,424.182,168.7162,218.6264521,246.0468,1.082978571,1.009957143,1.205115714,1.561617515,2.343302857
3360,21,29,A,31.112,74.987,1,34.759,24.9856,9.912,128.077,304.528,160,432.605,176.7556,226.3160929,249.8882,1.142857143,1.030011905,1.26254,1.616543521,2.379887619
3360,21,29,B,31.9676,76.5054,1,34.575,27.6802,0,129.651,302.713,154.296,432.364,171.7282,222.597795,250.7362,1.102114286,1.029438095,1.22663,1.58998425,2.38796381
3360,21,28,A,31.112,74.987,1,34.759,24.9856,9.912,111.449,304.528,160,415.977,176.7556,226.3160929,233.2602,1.142857143,0.990421429,1.26254,1.616543521,2.221525714
3360,21,28,B,31.9696,76.5076,1,34.5556,27.6926,0,116.756,302.513,154.305,419.269,171.7254,222.6016497,237.7612,1.102178571,0.998259524,1.22661,1.590011784,2.264392381
3360,20,27,A,32.6854,78.7832,1,36.475,26.2066,10.453,134.495,320.617,168,455.112,185.6032,237.7068255,262.7418,1.2,1.0836,1.325737143,1.697905896,2.502302857
3360,20,27,B,32.0022,77.6966,1,35.2174,29.3358,0,133.988,310.912,157.779,444.9,175.252,227.3879153,258.3528,1.126992857,1.059285714,1.2518,1.624199395,2.460502857
3360,20,26,A,32.6854,78.7832,1,36.475,26.2066,10.453,137.683,329.875,168,467.558,185.6032,237.7068255,269.633,1.2,1.113233333,1.325737143,1.697905896,2.567933333
3360,20,26,B,31.8712,77.3234,1,34.2762,30.6028,0,144.152,347.295,157.632,491.447,175.0736,227.5645456,283.07,1.125942857,1.170111905,1.250525714,1.62546104,2.695904762
3360,19,26,A,34.4232,82.9838,1,38.519,27.603,11.026,141.659,338.479,177,480.138,195.555,250.489978,277.0506,1.264285714,1.143185714,1.396821429,1.789214129,2.638577143
3360,19,26,B,32.689,79.3036,1,35.8686,30.007,0,150.359,356.8,160.999,507.159,178.8682,232.1346234,293.079,1.149992857,1.207521429,1.27763,1.658104453,2.791228571
3360,19,25,A,34.4232,82.9838,1,38.519,27.603,11.026,144.874,347.818,177,492.692,195.555,250.489978,284.0012,1.264285714,1.17307619,1.396821429,1.789214129,2.704773333
3360,19,25,B,32.1604,77.4936,1,35.1206,32.93,0,149.026,345.204,161.034,494.23,178.7046,232.3200777,287.1076,1.150242857,1.176738095,1.276461429,1.659429126,2.734358095
3840,24,32,A,37.952,82.0206,1,23.0514,28.7508,7.549,108.193,293.867,160,402.06,180.3238,235.5998679,225.7398,1,0.837625,1.12702375,1.472499174,1.881165
3840,24,32,B,37.299,78.6192,1,17.91,30.7878,0,116.292,298.085,145.457,414.377,165.616,219.5927661,235.526,0.90910625,0.863285417,1.0351,1.372454788,1.962716667
3840,23,31,A,39.6278,85.6684,1,24.0724,29.9756,7.875,132.741,307.526,167,440.267,188.2192,245.9724106,255.7514,1.04375,0.917222917,1.17637,1.537327566,2.131261667
3840,23,31,B,37.9818,79.8966,1,18.042,31.3004,0,134.263,309.764,147.706,444.027,168.2208,223.1076166,258.1686,0.9231625,0.92505625,1.05138,1.394422604,2.151405
3840,23,30,A,39.6278,85.6684,1,24.0724,29.9756,7.875,135.398,314.899,167,450.297,188.2192,245.9724106,261.3576,1.04375,0.93811875,1.17637,1.537327566,2.17798
3840,23,30,B,36.6436,77.9922,1,20.268,32.0414,0,141.608,327.957,148.09,469.565,167.9452,222.0762608,272.7908,0.9255625,0.978260417,1.0496575,1.38797663,2.273256667
3840,22,30,A,34.0156,82.0498,1,38.0776,27.2992,10.908,139.924,334.063,175,473.987,193.3502,247.6559896,273.5492,1.09375,0.987472917,1.20843875,1.547849935,2.279576667
3840,22,30,B,35.8302,85.9528,1,38.809,30.9804,0,136.792,341.655,173.044,478.447,192.5724,249.7836767,273.454,1.081525,0.996764583,1.2035775,1.561147979,2.278783333
3840,22,29,A,34.0156,82.0498,1,38.0776,27.2992,10.908,143.002,342.991,175,485.993,193.3502,247.6559896,280.1984,1.09375,1.012485417,1.20843875,1.547849935,2.334986667
3840,22,29,B,35.8302,85.9528,1,38.809,30.9804,0,145.575,341.97,173.044,487.545,192.5724,249.7836767,282.363,1.081525,1.01571875,1.2035775,1.561147979,2.353025
3840,21,29,A,35.5652,85.8158,1,39.8368,28.5354,11.422,146.479,350.521,183,497,202.1752,259.0113921,286.6874,1.14375,1.035416667,1.263595,1.618821201,2.389061667
3840,21,29,B,36.521,87.636,1,39.5688,31.6092,0,148.317,348.536,176.406,496.853,196.335,254.6941305,287.7314,1.1025375,1.035110417,1.22709375,1.591838316,2.397761667
3840,21,28,A,35.5652,85.8158,1,39.8368,28.5354,11.422,127.437,350.794,183,478.231,202.1752,259.0113921,267.7546,1.14375,0.996314583,1.263595,1.618821201,2.231288333
3840,21,28,B,36.5182,87.6256,1,39.5586,31.6228,0,133.53,348.499,176.415,482.029,196.3252,254.6849943,272.9296,1.10259375,1.004227083,1.2270325,1.591781214,2.274413333
3840,20,27,A,37.2986,90.076,1,41.842,29.9284,11.984,153.806,368.878,192,522.684,212.129,271.8210641,301.3572,1.2,1.088925,1.32580625,1.698881651,2.51131
3840,20,27,B,36.5472,88.9158,1,40.094,33.6192,0,153.257,357.549,180.177,510.806,200.1762,259.9938814,296.2766,1.12610625,1.064179167,1.25110125,1.624961759,2.468971667
3840,20,26,A,37.2986,90.076,1,41.842,29.9284,11.984,157.391,379.327,192,536.718,212.129,271.8210641,309.1218,1.2,1.1181625,1.32580625,1.698881651,2.576015
3840,20,26,B,36.3972,88.5598,1,38.9998,35.0584,0,165.032,399.517,180.016,564.549,200.0152,260.2672058,324.8388,1.1251,1.17614375,1.250095,1.626670036,2.70699
3840,19,26,A,39.366,95.2298,1,44.336,31.6224,12.725,161.974,388.981,203,550.955,224.2792,287.4297309,317.5664,1.26875,1.147822917,1.401745,1.796435818,2.646386667
3840,19,26,B,37.4106,90.9548,1,40.8586,34.3404,0,172.027,410.529,184.092,582.556,204.5644,265.7590757,336.2386,1.150575,1.213658333,1.2785275,1.660994223,2.801988333
3840,19,25,A,39.366,95.2298,1,44.336,31.6224,12.725,165.737,399.964,203,565.701,224.2792,287.4297309,325.7226,1.26875,1.17854375,1.401745,1.796435818,2.714355
3840,19,25,B,36.8332,89.0214,1,39.9224,37.6414,0,170.375,396.771,184.142,567.146,204.4184,266.0610572,329.0834,1.1508875,1.181554167,1.277615,1.662881608,2.742361667
4320,24,32,A,42.684,92.3998,1,25.9252,32.331,8.544,121.715,332.657,180,454.372,202.884,265.2486172,254.7778,1,0.84142963,1.127133333,1.473603429,1.887242963
4320,24,32,B,42.0628,88.6466,1,19.9956,34.6474,0,130.898,337.461,163.588,468.359,186.3524,247.3131298,265.8824,0.908822222,0.867331481,1.035291111,1.373961832,1.969499259
4320,23,31,A,44.5648,96.559,1,27.0802,33.7554,8.954,149.528,348.26,188,497.788,211.9134,277.112612,288.832,1.044444444,0.92182963,1.177296667,1.539514511,2.139496296
4320,23,31,B,42.8014,90.1674,1,20.1348,35.2298,0,151.107,350.474,166.182,501.581,189.3334,251.3544753,291.2966,0.923233333,0.928853704,1.051852222,1.396413752,2.157752593
4320,23,30,A,44.5648,96.559,1,27.0802,33.7554,8.954,152.297,355.969,188,508.266,211.9134,277.112612,294.6846,1.044444444,0.941233333,1.177296667,1.539514511,2.182848889
4320,23,30,B,41.3678,88.0154,1,22.5192,36.1092,0,159.347,370.785,166.59,530.132,189.0116,250.2085237,307.661,0.9255,0.981725926,1.050064444,1.390047354,2.27897037
4320,22,30,A,38.2296,92.4242,1,42.9664,30.684,12.333,157.336,377.5,197,534.836,217.6372,278.8971749,308.336,1.094444444,0.990437037,1.209095556,1.549428749,2.28397037
4320,22,30,B,40.3032,96.9142,1,43.7074,34.9298,0,153.975,386.232,194.838,540.207,216.8546,281.4744291,308.4678,1.082433333,1.000383333,1.204747778,1.563746828,2.284946667
4320,22,29,A,38.2296,92.4242,1,42.9664,30.684,12.333,161.083,388.435,197,549.518,217.6372,278.8971749,316.457,1.094444444,1.017625926,1.209095556,1.549428749,2.344125926
4320,22,29,B,40.3032,96.9142,1,43.7074,34.9298,0,163.809,386.481,194.838,550.29,216.8546,281.4744291,318.4014,1.082433333,1.019055556,1.204747778,1.563746828,2.358528889
4320,21,29,A,39.9506,96.6346,1,44.9988,32.068,12.926,164.84,396.418,206,561.258,227.578,291.6673466,323.4072,1.144444444,1.039366667,1.264322222,1.620374148,2.395608889
4320,21,29,B,41.0682,98.8092,1,44.4446,35.5966,0,166.822,393.869,198.478,560.691,220.9186,286.8110936,324.3696,1.102655556,1.038316667,1.227325556,1.593394964,2.402737778
4320,21,28,A,39.9506,96.6346,1,44.9988,32.068,12.926,143.478,397.159,206,540.637,227.578,291.6673466,302.3416,1.144444444,1.00117963,1.264322222,1.620374148,2.239567407
4320,21,28,B,41.0416,98.7934,1,44.485,35.596,0,150.193,394.245,198.499,544.438,220.916,286.7970008,307.891,1.102772222,1.008218519,1.227311111,1.593316671,2.280674074
4320,20,27,A,41.8772,101.3646,1,47.1896,33.6258,13.579,173.117,417.202,216,590.319,238.6362,305.9034664,339.9978,1.2,1.093183333,1.325756667,1.699463702,2.518502222
4320,20,27,B,41.1722,100.2788,1,44.9274,37.803,0,172.451,404.147,202.63,576.598,225.1814,292.7159577,334.1098,1.125722222,1.067774074,1.251007778,1.626199765,2.474887407
4320,20,26,A,41.8772,101.3646,1,47.1896,33.6258,13.579,177.143,428.974,216,606.117,238.6362,305.9034664,348.7326,1.2,1.122438889,1.325756667,1.699463702,2.583204444
4320,20,26,B,40.9192,99.745,1,43.8246,39.4476,0,185.726,451.611,202.439,637.337,224.9364,292.8967139,366.3704,1.124661111,1.180253704,1.249646667,1.627203966,2.713854815
4320,19,26,A,44.1762,106.9984,1,49.8264,35.497,14.395,182.289,439.861,228,622.15,251.893,322.9554537,358.2334,1.266666667,1.15212963,1.399405556,1.794196965,2.653580741
4320,19,26,B,42.015,102.3342,1,45.815,38.5638,0,193.524,463.84,206.711,657.364,229.728,298.6610833,379.06,1.148394444,1.217340741,1.276266667,1.659228241,2.807851852
4320,19,25,A,44.1762,106.9984,1,49.8264,35.497,14.395,186.592,452.464,228,639.056,251.893,322.9554537,367.5776,1.266666667,1.183437037,1.399405556,1.794196965,2.722797037
4320,19,25,B,41.3142,100.1048,1,44.9768,42.2232,0,191.752,448.624,206.851,640.376,229.619,299.0000704,371.2016,1.149172222,1.185881481,1.275661111,1.661111502,2.749641481
4800,24,32,A,47.4394,102.6942,1,28.834,35.9144,9.566,135.275,371.474,200,506.749,225.448,294.8689094,283.8646,1,0.844581667,1.12724,1.474344547,1.892430667
4800,24,32,B,46.756,98.6812,1,22.0452,38.5036,0,145.434,376.757,181.677,522.191,206.986,274.9219955,296.1368,0.908385,0.870318333,1.03493,1.374609978,1.974245333
4800,23,31,A,49.5414,107.356,1,30.1548,37.5374,10.022,166.086,388.298,209,554.384,235.6116,308.2199,321.4052,1.045,0.923973333,1.178058,1.5410995,2.142701333
4800,23,31,B,47.4848,100.2634,1,22.326,39.118,0,167.978,391.305,184.466,559.283,210.1922,279.2290928,324.5,0.92233,0.932138333,1.050961,1.396145464,2.163333333
4800,23,30,A,49.5414,107.356,1,30.1548,37.5374,10.022,169.388,397.606,209,566.994,235.6116,308.2199,328.4304,1.045,0.94499,1.178058,1.5410995,2.189536
4800,23,30,B,45.971,97.9786,1,24.8652,40.0964,0,177.12,413.87,184.969,590.99,209.9112,278.0935987,342.668,0.924845,0.984983333,1.049556,1.390467994,2.284453333
4800,22,30,A,42.4632,102.7568,1,47.8494,34.1018,13.784,174.997,421.606,219,596.603,241.9552,310.1690769,343.6394,1.095,0.994338333,1.209776,1.550845385,2.290929333
4800,22,30,B,44.7392,107.7054,1,48.4804,38.6988,0,171.06,431.214,216.189,602.274,240.6238,312.4906663,343.5456,1.080945,1.00379,1.203119,1.562453332,2.290304
4800,22,29,A,42.4632,102.7568,1,47.8494,34.1018,13.784,178.933,433.108,219,612.041,241.9552,310.1690769,352.1762,1.095,1.020068333,1.209776,1.550845385,2.347841333
4800,22,29,B,44.7392,107.7054,1,48.4804,38.6988,0,182.07,431.529,216.189,613.599,240.6238,312.4906663,354.6816,1.080945,1.022665,1.203119,1.562453332,2.364544
4800,21,29,A,44.383,107.442,1,50.0738,35.6406,14.458,183.357,442.69,229,626.047,252.9974,324.3608362,360.433,1.145,1.043411667,1.264987,1.621804181,2.402886667
4800,21,29,B,45.5836,109.8066,1,49.382,39.45,0,185.463,439.81,220.304,625.273,245.2222,318.5047443,361.387,1.10152,1.042121667,1.226111,1.592523722,2.409246667
4800,21,28,A,44.383,107.442,1,50.0738,35.6406,14.458,159.25,442.69,229,601.94,252.9974,324.3608362,336.326,1.145,1.003233333,1.264987,1.621804181,2.242173333
4800,21,28,B,45.559,109.8026,1,49.3944,39.4672,0,166.848,439.608,220.328,606.456,245.2232,318.5076464,342.6912,1.10164,1.01076,1.226116,1.592538232,2.284608
4800,20,27,A,46.5368,112.7006,1,52.4412,37.3086,15.179,192.408,465.52,240,657.928,265.1662,340.0365994,378.616,1.2,1.096546667,1.325831,1.700182997,2.524106667
4800,20,27,B,45.7138,111.4678,1,49.9584,41.942,0,191.645,450.635,225.031,642.28,250.082,325.2216927,371.899,1.125155,1.070466667,1.25041,1.626108464,2.479326667
4800,20,26,A,46.5368,112.7006,1,52.4412,37.3086,15.179,196.854,478.552,240,675.406,265.1662,340.0365994,388.2748,1.2,1.125676667,1.325831,1.700182997,2.588498667
4800,20,26,B,45.4522,111.0402,1,48.589,43.7606,0,206.327,503.706,224.829,710.033,249.842,325.5299797,407.8094,1.124145,1.183388333,1.24921,1.627649899,2.718729333
4800,19,26,A,49.0548,118.8862,1,55.2534,39.3522,16.004,202.624,490.867,253,693.491,279.5506,358.5774439,398.9708,1.265,1.155818333,1.397753,1.79288722,2.659805333
4800,19,26,B,46.6762,113.8722,1,50.9632,42.8706,0,215.141,517.311,229.782,732.452,255.3822,332.1710198,422.0654,1.14891,1.220753333,1.276911,1.660855099,2.813769333
4800,19,25,A,49.0548,118.8862,1,55.2534,39.3522,16.004,207.2,504.289,253,711.489,279.5506,358.5774439,408.9156,1.265,1.185815,1.397753,1.79288722,2.726104
4800,19,25,B,45.9798,111.396,1,49.8122,47.009,0,213.111,499.974,229.868,713.085,255.197,332.5274935,413.1006,1.14934,1.188475,1.275985,1.662637468,2.754004
5280,24,32,A,52.1732,113.1148,1,31.6864,39.4952,10.558,148.799,410.339,220,559.138,248.0276,324.5564099,312.9346,1,0.847178788,1.127398182,1.475256409,1.896573333
5280,24,32,B,51.445,108.637,1,24.108,42.4202,0,160.112,416.269,199.743,576.381,227.6102,302.5106493,326.6196,0.907922727,0.873304545,1.034591818,1.375048406,1.979512727
5280,23,31,A,54.5458,118.322,1,33.1078,41.298,11.043,182.878,429.101,230,611.979,259.3166,339.4033788,354.5184,1.045454545,0.927240909,1.178711818,1.542742631,2.148596364
5280,23,31,B,52.2584,110.3784,1,24.402,43.0338,0,184.881,432.227,202.765,617.108,231.0726,307.1594088,357.7718,0.921659091,0.935012121,1.05033,1.396179131,2.168313939
5280,23,30,A,54.5458,118.322,1,33.1078,41.298,11.043,186.345,438.904,230,625.249,259.3166,339.4033788,361.9066,1.045454545,0.94734697,1.178711818,1.542742631,2.193373333
5280,23,30,B,50.5754,107.8184,1,27.1728,44.136,0,194.82,456.727,203.257,651.547,230.7026,305.8365198,377.5108,0.923895455,0.987192424,1.048648182,1.390165999,2.287944242
5280,22,30,A,46.5368,112.7006,1,52.4412,37.3086,15.179,192.408,465.52,240,657.928,265.1662,340.0365994,378.616,1.090909091,0.996860606,1.205300909,1.545620906,2.294642424
5280,22,30,B,49.1892,118.6732,1,53.393,42.5908,0,188.329,476.06,237.956,664.389,264.8462,344.0963843,378.753,1.081618182,1.00665,1.203846364,1.564074474,2.295472727
5280,22,29,A,46.5368,112.7006,1,52.4412,37.3086,15.179,196.854,478.552,240,675.406,265.1662,340.0365994,388.2748,1.090909091,1.023342424,1.205300909,1.545620906,2.353180606
5280,22,29,B,49.1892,118.6732,1,53.393,42.5908,0,200.382,476.402,237.956,676.784,264.8462,344.0963843,390.9428,1.081618182,1.025430303,1.203846364,1.564074474,2.369350303
5280,21,29,A,48.8892,118.388,1,55.0172,39.2038,15.94,201.706,488.494,252,690.2,278.4382,357.1429796,397.1036,1.145454545,1.045757576,1.265628182,1.62337718,2.406688485
5280,21,29,B,50.168,120.8892,1,54.3416,43.4134,0,204.025,485.306,242.393,689.331,269.8122,350.5816738,398.1474,1.101786364,1.044440909,1.226419091,1.593553063,2.413014545
5280,21,28,A,48.8892,118.388,1,55.0172,39.2038,15.94,175.279,488.884,252,664.163,278.4382,357.1429796,370.8326,1.145454545,1.006307576,1.265628182,1.62337718,2.247470303
5280,21,28,B,50.1606,120.8696,1,54.342,43.4358,0,183.58,485.429,242.411,669.009,269.808,350.5770153,377.7516,1.101868182,1.01365,1.2264,1.593531888,2.289403636
5280,20,27,A,51.1864,124.0338,1,57.7024,41.0262,16.756,211.695,513.736,264,725.431,291.7048,374.188979,417.1894,1.2,1.099137879,1.325930909,1.700858995,2.528420606
5280,20,27,B,50.2202,122.648,1,54.9792,46.181,0,210.924,497.379,247.466,708.303,275.0284,357.807031,409.8756,1.124845455,1.073186364,1.250129091,1.626395595,2.484094545
5280,20,26,A,51.1864,124.0338,1,57.7024,41.0262,16.756,216.596,528.133,264,744.729,291.7048,374.188979,427.8492,1.2,1.128377273,1.325930909,1.700858995,2.593025455
5280,20,26,B,49.9994,122.1426,1,53.5184,48.1254,0,227.062,555.869,247.271,782.931,274.7858,358.1372752,449.4096,1.123959091,1.186259091,1.249026364,1.627896705,2.723694545
5280,19,26,A,53.9178,130.6348,1,60.7616,43.2002,17.664,222.956,541.876,278,764.832,307.1784,394.1037081,439.7064,1.263636364,1.158836364,1.396265455,1.791380491,2.664887273
5280,19,26,B,51.2856,125.3066,1,55.9792,47.1384,0,236.76,570.937,252.563,807.697,280.7098,365.2821924,465.1348,1.148013636,1.223783333,1.275953636,1.660373602,2.818998788
5280,19,25,A,53.9178,130.6348,1,60.7616,43.2002,17.664,227.908,556.426,278,784.334,307.1784,394.1037081,450.4784,1.263636364,1.188384848,1.396265455,1.791380491,2.730172121
5280,19,25,B,50.501,122.5018,1,54.9374,51.6696,0,234.465,551.577,252.741,786.042,280.6098,365.7289713,455.0958,1.148822727,1.190972727,1.275499091,1.662404415,2.758156364
5760,24,32,A,56.9422,123.4894,1,34.5276,43.104,11.536,162.314,449.105,240,611.419,270.5992,354.2311344,341.956,1,0.849193056,1.127496667,1.47596306,1.899755556
5760,24,32,B,56.1402,118.6552,1,26.1204,46.3188,0,174.826,455.725,217.809,630.551,248.2346,330.1213516,357.116,0.9075375,0.875765278,1.034310833,1.375505632,1.983977778
5760,23,31,A,59.554,129.2134,1,36.1146,45.0816,12.065,199.656,469.811,251,669.467,283.0286,370.5701182,387.5804,1.045833333,0.929815278,1.179285833,1.544042159,2.153224444
5760,23,31,B,56.9394,120.429,1,26.6028,46.9456,0,201.679,472.77,221.062,674.449,251.9168,335.0083729,390.787,0.921091667,0.936734722,1.049653333,1.39586822,2.171038889
5760,23,30,A,59.554,129.2134,1,36.1146,45.0816,12.065,203.339,480.262,251,683.601,283.0286,370.5701182,395.4438,1.045833333,0.949445833,1.179285833,1.544042159,2.19691
5760,23,30,B,55.1222,117.7682,1,29.6916,48.0716,0,212.656,500.046,221.716,712.702,251.6536,333.7361723,412.6744,0.923816667,0.989863889,1.048556667,1.390567385,2.292635556
5760,22,30,A,50.818,123.0802,1,57.246,40.7336,16.614,210.022,509.473,262,719.495,289.4918,371.3468209,413.8112,1.091666667,0.999298611,1.206215833,1.54727842,2.298951111
5760,22,30,B,53.6186,129.4284,1,58.2166,46.4876,0,205.321,520.717,259.417,726.038,288.7512,375.285976,413.6078,1.080904167,1.008386111,1.20313,1.563691567,2.297821111
5760,22,29,A,50.818,123.0802,1,57.246,40.7336,16.614,214.755,523.366,262,738.121,289.4918,371.3468209,424.1014,1.091666667,1.025168056,1.206215833,1.54727842,2.356118889
5760,22,29,B,53.6186,129.4284,1,58.2166,46.4876,0,218.577,521.029,259.417,739.606,288.7512,375.285976,426.9886,1.080904167,1.027230556,1.20313,1.563691567,2.372158889
5760,21,29,A,53.32,129.2266,1,60.0876,42.766,17.462,220.039,534.25,275,754.289,303.8622,389.8500042,433.739,1.145833333,1.047623611,1.2660925,1.624375018,2.409661111
5760,21,29,B,54.512,131.8216,1,59.3698,47.335,0,222.607,530.886,264.185,753.493,294.0384,382.1718516,434.9614,1.100770833,1.046518056,1.22516,1.592382715,2.416452222
5760,21,28,A,53.32,129.2266,1,60.0876,42.766,17.462,191.052,534.394,275,725.446,303.8622,389.8500042,404.8096,1.145833333,1.007563889,1.2660925,1.624375018,2.248942222
5760,21,28,B,54.4862,131.8074,1,59.3646,47.3716,0,200.003,530.42,264.199,730.423,294.0298,382.1686483,412.171,1.100829167,1.014476389,1.225124167,1.592369368,2.289838889
5760,20,27,A,55.8514,135.3678,1,62.969,44.7466,18.301,231.013,562.03,288,793.043,318.2358,408.3354437,455.825,1.2,1.101448611,1.3259825,1.701397682,2.532361111
5760,20,27,B,54.7854,133.88,1,59.912,50.3852,0,230.081,543.758,269.881,773.839,299.9626,390.3977584,447.5842,1.124504167,1.074776389,1.249844167,1.626657327,2.486578889
5760,20,26,A,55.8514,135.3678,1,62.969,44.7466,18.301,236.342,577.711,288,814.053,318.2358,408.3354437,467.4264,1.2,1.130629167,1.3259825,1.701397682,2.596813333
5760,20,26,B,54.525,133.345,1,58.4058,52.4544,0,247.778,607.968,269.702,855.746,299.7302,390.772478,490.9652,1.123758333,1.188536111,1.248875833,1.628218658,2.727584444
5760,19,26,A,58.9348,142.921,1,66.4948,47.232,19.345,243.339,592.564,304,835.903,335.9276,431.1021317,480.3646,1.266666667,1.160976389,1.399698333,1.796258882,2.668692222
5760,19,26,B,55.952,136.66,1,61.213,51.3902,0,258.328,624.309,275.472,882.637,306.2152,398.5355487,508.0516,1.1478,1.225884722,1.275896667,1.660564786,2.822508889
5760,19,25,A,58.9348,142.921,1,66.4948,47.232,19.345,248.803,608.65,304,857.453,335.9276,431.1021317,492.263,1.266666667,1.190906944,1.399698333,1.796258882,2.734794444
5760,19,25,B,55.0744,133.4726,1,60.11,56.3542,0,255.864,603.304,275.593,859.168,306.0112,398.8751372,497.1856,1.148304167,1.193288889,1.275046667,1.661979738,2.762142222
6240,24,32,A,61.6632,133.8588,1,37.4306,46.7128,12.524,175.837,487.961,260,663.798,293.1894,383.9155856,371.0214,1,0.851023077,1.127651538,1.476598406,1.902673846
6240,24,32,B,60.8024,128.6354,1,28.2804,50.1842,0,189.329,494.87,235.934,684.199,268.9024,357.7387495,387.277,0.907438462,0.877178205,1.03424,1.375918267,1.986035897
6240,23,31,A,64.5446,140.0484,1,39.1286,48.8676,13.142,216.217,509.864,272,726.081,306.7312,401.7037028,420.1626,1.046153846,0.930873077,1.179735385,1.545014242,2.15468
6240,23,31,B,61.6916,130.5656,1,28.6932,50.959,0,218.584,513.484,239.458,732.068,272.9094,363.0996912,423.9776,0.920992308,0.938548718,1.049651538,1.396537274,2.174244103
6240,23,30,A,64.5446,140.0484,1,39.1286,48.8676,13.142,220.295,521.5,272,741.795,306.7312,401.7037028,428.895,1.046153846,0.951019231,1.179735385,1.545014242,2.199461538
6240,23,30,B,59.728,127.8084,1,31.8936,52.1604,0,230.37,542.756,240.1,773.126,272.5904,361.7380215,447.4724,0.923461538,0.991187179,1.048424615,1.391300083,2.294730256
6240,22,30,A,55.0614,133.4622,1,62.0828,44.152,18.056,227.599,553.336,284,780.935,313.8144,402.6471354,448.9334,1.092307692,1.001198718,1.206978462,1.548642828,2.302222564
6240,22,30,B,58.107,140.3234,1,63.0818,50.3284,0,222.551,565.54,281.035,788.091,312.8406,406.7088969,448.767,1.080903846,1.010373077,1.203233077,1.564264988,2.301369231
6240,22,29,A,55.0614,133.4622,1,62.0828,44.152,18.056,232.75,568.483,284,801.233,313.8144,402.6471354,460.1432,1.092307692,1.027221795,1.206978462,1.548642828,2.359708718
6240,22,29,B,58.107,140.3234,1,63.0818,50.3284,0,236.857,565.924,281.035,802.781,312.8406,406.7088969,463.2266,1.080903846,1.02920641,1.203233077,1.564264988,2.375521026
6240,21,29,A,57.775,140.0236,1,65.224,46.2952,18.97,238.377,580.102,298,818.479,329.2878,422.5279393,470.4178,1.146153846,1.049332051,1.266491538,1.625107459,2.412398974
6240,21,29,B,59.1602,143.0358,1,64.2258,51.2664,0,241.196,576.446,286.29,817.642,318.6882,414.3648029,471.7744,1.101115385,1.048258974,1.225723846,1.59371078,2.419355897
6240,21,28,A,57.775,140.0236,1,65.224,46.2952,18.97,207.038,580.66,298,787.698,329.2878,422.5279393,439.302,1.146153846,1.009869231,1.266491538,1.625107459,2.252830769
6240,21,28,B,59.1628,143.0342,1,64.1718,51.3178,0,216.831,576.248,286.306,793.079,318.6866,414.3850113,447.3302,1.101176923,1.016767949,1.225717692,1.593788505,2.294001026
6240,20,27,A,60.5246,146.7266,1,68.209,48.4862,19.835,250.323,610.267,312,860.59,344.7814,442.5166555,494.4298,1.2,1.103320513,1.326082308,1.701987137,2.535537436
6240,20,27,B,59.3464,144.9844,1,65.0364,54.5324,0,249.323,590.421,292.29,839.744,324.8996,422.9074393,485.4914,1.124192308,1.076594872,1.249613846,1.626567074,2.489699487
6240,20,26,A,60.5246,146.7266,1,68.209,48.4862,19.835,256.075,627.217,312,883.292,344.7814,442.5166555,506.9618,1.2,1.132425641,1.326082308,1.701987137,2.599804103
6240,20,26,B,59.0324,144.39,1,63.3052,56.821,0,268.585,660.251,292.026,928.836,324.5486,423.2228232,532.6854,1.123176923,1.190815385,1.248263846,1.627780089,2.73172
6240,19,26,A,63.8188,154.85,1,71.8616,51.1222,20.931,263.63,643.354,329,906.984,363.5836,466.7557784,520.9716,1.265384615,1.1628,1.398398462,1.795214532,2.671649231
6240,19,26,B,60.6404,147.952,1,66.3312,55.6444,0,279.864,677.646,298.264,957.51,331.568,431.6124026,550.9224,1.147169231,1.227576923,1.275261538,1.660047702,2.825243077
6240,19,25,A,63.8188,154.85,1,71.8616,51.1222,20.931,269.663,661.147,329,930.81,363.5836,466.7557784,534.1218,1.265384615,1.193346154,1.398398462,1.795214532,2.739086154
6240,19,25,B,59.5944,144.6296,1,65.0714,61.0242,0,277.218,654.739,298.413,931.957,331.3196,431.9996212,539.1136,1.147742308,1.194816667,1.274306154,1.661537005,2.764685128
6720,24,32,A,66.4466,144.2028,1,40.2606,50.313,13.54,189.432,526.751,280,716.183,315.763,413.5792879,400.1324,1,0.85259881,1.127725,1.477068885,1.905392381
6720,24,32,B,65.4806,138.5792,1,30.3792,54.0714,0,204.064,534.143,253.994,738.207,289.5104,385.2914024,417.7212,0.907121429,0.878817857,1.033965714,1.376040723,1.989148571
6720,23,31,A,69.5448,151.014,1,42.0658,52.6248,14.187,232.989,550.616,293,783.605,330.4364,432.8867468,453.2354,1.046428571,0.932863095,1.18013,1.546024096,2.15826381
6720,23,31,B,66.4392,140.577,1,30.9432,54.8796,0,235.462,554.244,257.783,789.706,293.839,391.0297753,457.1596,0.920653571,0.94012619,1.049425,1.396534912,2.176950476
6720,23,30,A,69.5448,151.014,1,42.0658,52.6248,14.187,237.279,562.888,293,800.167,330.4364,432.8867468,462.4342,1.046428571,0.952579762,1.18013,1.546024096,2.202067619
6720,23,30,B,64.292,137.554,1,34.4568,56.1822,0,248.122,585.66,258.508,833.782,293.485,389.5271396,482.386,0.923242857,0.992597619,1.048160714,1.391168356,2.29707619
6720,22,30,A,59.348,143.8424,1,66.9026,47.5494,19.488,245.134,597.124,306,842.258,338.1304,433.9367371,483.9836,1.092857143,1.002688095,1.207608571,1.549774061,2.30468381
6720,22,30,B,62.6234,151.2186,1,67.9374,54.2046,0,239.572,610.325,302.677,849.897,336.984,438.2053494,483.702,1.080989286,1.011782143,1.203514286,1.565019105,2.303342857
6720,22,29,A,59.348,143.8424,1,66.9026,47.5494,19.488,250.733,613.615,306,864.348,338.1304,433.9367371,496.179,1.092857143,1.028985714,1.207608571,1.549774061,2.362757143
6720,22,29,B,62.6234,151.2186,1,67.9374,54.2046,0,255.087,610.631,302.677,865.718,336.984,438.2053494,499.3394,1.080989286,1.030616667,1.203514286,1.565019105,2.377806667
6720,21,29,A,62.1114,150.5406,1,69.9028,49.7058,20.372,256.748,626.386,320,883.134,353.6326,453.9202934,507.3024,1.142857143,1.05135,1.262973571,1.621143905,2.415725714
6720,21,29,B,63.6876,153.875,1,69.283,55.1404,0,259.766,622.081,308.073,881.847,342.986,445.9906099,508.5984,1.100260714,1.049817857,1.22495,1.592823607,2.421897143
6720,21,28,A,62.1114,150.5406,1,69.9028,49.7058,20.372,222.835,626.386,320,849.221,353.6326,453.9202934,473.3894,1.142857143,1.010977381,1.262973571,1.621143905,2.254235238
6720,21,28,B,63.6738,153.8414,1,69.2788,55.1776,0,233.593,621.516,308.085,855.109,342.9716,445.9747401,482.1994,1.100303571,1.017986905,1.224898571,1.592766929,2.296187619
6720,20,27,A,65.1744,158.1408,1,73.4008,52.2206,21.379,269.64,658.531,336,928.171,371.3156,476.7068798,533.0524,1.2,1.104965476,1.326127143,1.702524571,2.538344762
6720,20,27,B,63.9558,156.2916,1,69.843,58.7498,0,268.554,637.049,314.695,905.603,349.8402,455.5514212,523.3736,1.123910714,1.07809881,1.249429286,1.626969361,2.492255238
6720,20,26,A,65.1744,158.1408,1,73.4008,52.2206,21.379,275.876,676.933,336,952.809,371.3156,476.7068798,546.6492,1.2,1.134296429,1.326127143,1.702524571,2.603091429
6720,20,26,B,63.6222,155.639,1,68.0516,61.2116,0,289.385,712.28,314.443,1001.665,349.5244,455.9469837,574.297,1.123010714,1.192458333,1.248301429,1.628382085,2.734747619
6720,19,26,A,68.66,166.6166,1,77.3996,54.9834,22.556,283.91,694.147,354,978.057,391.2156,502.2945565,561.5688,1.264285714,1.164353571,1.397198571,1.79390913,2.674137143
6720,19,26,B,65.3538,159.5256,1,71.217,59.9324,0,301.463,731.191,321.117,1032.654,357.0288,464.9449933,593.9394,1.146846429,1.22935,1.275102857,1.660517833,2.828282857
6720,19,25,A,68.66,166.6166,1,77.3996,54.9834,22.556,290.475,713.536,354,1004.011,391.2156,502.2945565,575.8894,1.264285714,1.19525119,1.397198571,1.79390913,2.742330476
6720,19,25,B,64.1858,155.9256,1,69.9912,65.6774,0,298.624,706.58,321.305,1005.204,356.78,465.343415,581.256,1.147517857,1.196671429,1.274214286,1.661940768,2.767885714
7200,24,32,A,71.1926,154.6422,1,43.0668,53.9188,14.513,203.034,565.526,300,768.56,338.3334,443.2775276,429.2444,1,0.853955556,1.127778,1.477591759,1.907752889
7200,24,32,B,70.1414,148.4158,1,32.6652,57.946,0,218.638,573.581,272.092,792.219,310.1684,412.8367526,448.0704,0.906973333,0.880243333,1.033894667,1.376122509,1.991424
7200,23,31,A,74.5224,161.9208,1,45.0522,56.4222,15.208,249.639,590.903,314,840.542,354.1256,464.0390755,486.0002,1.046666667,0.933935556,1.180418667,1.546796918,2.160000889
7200,23,31,B,71.198,150.5962,1,33.1764,58.8,0,252.353,595.086,276.121,847.439,314.7706,418.9670306,490.3874,0.920403333,0.941598889,1.049235333,1.396556769,2.179499556
7200,23,30,A,74.5224,161.9208,1,45.0522,56.4222,15.208,254.37,604.498,314,858.868,354.1256,464.0390755,496.1692,1.046666667,0.954297778,1.180418667,1.546796918,2.205196444
7200,23,30,B,68.9906,147.4212,1,36.8424,60.2094,0,265.902,628.674,276.925,894.576,314.4636,417.4785758,517.3716,0.923083333,0.993973333,1.048212,1.391595253,2.299429333
7200,22,30,A,63.6376,154.3612,1,71.6382,50.9716,20.869,262.7,640.954,328,903.654,362.4776,465.3288939,519.0816,1.093333333,1.00406,1.208258667,1.551096313,2.307029333
7200,22,30,B,67.109,162.0072,1,72.7592,58.0424,0,256.856,655.018,324.143,911.874,360.9178,469.4220534,518.8632,1.080476667,1.013193333,1.203059333,1.564740178,2.306058667
7200,22,29,A,63.6376,154.3612,1,71.6382,50.9716,20.869,268.571,658.261,328,926.832,362.4776,465.3288939,531.8754,1.093333333,1.029813333,1.208258667,1.551096313,2.363890667
7200,22,29,B,67.109,162.0072,1,72.7592,58.0424,0,273.35,655.333,324.143,928.683,360.9178,469.4220534,535.4832,1.080476667,1.03187,1.203059333,1.564740178,2.379925333
7200,21,29,A,66.5008,161.4374,1,74.9754,53.2864,21.844,275.188,672.397,343,947.585,379.044,486.6397979,544.1468,1.143333333,1.052872222,1.26348,1.62213266,2.418430222
7200,21,29,B,68.3738,165.1266,1,74.0668,59.1138,0,278.418,667.752,330.201,946.17,367.681,478.2697297,545.5188,1.10067,1.0513,1.225603333,1.594232432,2.424528
7200,21,28,A,66.5008,161.4374,1,74.9754,53.2864,21.844,238.907,672.7,343,911.607,379.044,486.6397979,507.987,1.143333333,1.012896667,1.26348,1.62213266,2.25772
7200,21,28,B,68.3708,165.1152,1,74.0602,59.138,0,250.295,667.331,330.229,917.626,367.6842,478.277673,517.2274,1.100763333,1.019584444,1.225614,1.59425891,2.298788444
7200,20,27,A,69.7916,169.5272,1,78.6792,55.9042,22.934,288.953,706.888,360,995.841,397.8362,510.844714,571.7082,1.2,1.10649,1.326120667,1.702815713,2.540925333
7200,20,27,B,68.602,167.5996,1,74.7582,62.8928,0,287.775,683.762,337.148,971.537,374.8526,488.2409964,561.2798,1.123826667,1.079485556,1.249508667,1.627469988,2.494576889
7200,20,26,A,69.7916,169.5272,1,78.6792,55.9042,22.934,295.584,726.475,360,1022.059,397.8362,510.844714,586.174,1.2,1.135621111,1.326120667,1.702815713,2.605217778
7200,20,26,B,68.1836,166.761,1,72.8116,65.634,0,310.106,764.478,336.779,1074.584,374.3902,488.5122364,615.8972,1.122596667,1.193982222,1.247967333,1.628374121,2.737320889
7200,19,26,A,73.4374,178.4434,1,82.8658,58.8704,24.21,304.248,745.084,379,1049.332,418.827,537.843983,602.2816,1.263333333,1.165924444,1.39609,1.792813277,2.676807111
7200,19,26,B,69.8848,170.9028,1,76.5454,64.1918,0,323.036,784.568,344.093,1107.604,382.5248,498.182947,636.8632,1.146976667,1.230671111,1.275082667,1.660609823,2.830503111
7200,19,25,A,73.4374,178.4434,1,82.8658,58.8704,24.21,311.122,765.4,379,1076.522,418.827,537.843983,617.282,1.263333333,1.196135556,1.39609,1.792813277,2.743475556
7200,19,25,B,68.7422,167.0732,1,75.1418,70.3616,0,319.942,757.944,344.308,1077.886,382.3188,498.7055344,623.1196,1.147693333,1.197651111,1.274396,1.662351781,2.769420444
7680,24,32,A,75.939,165.0556,1,45.9124,57.4964,15.497,216.654,604.514,320,821.168,360.9004,472.9490736,458.4596,1,0.855383333,1.12781375,1.477965855,1.910248333
7680,24,32,B,74.9044,158.4532,1,34.6716,61.799,0,233.381,612.99,290.183,846.371,330.8282,440.4821484,478.577,0.906821875,0.881636458,1.033838125,1.376506714,1.994070833
7680,23,31,A,79.29,172.2822,1,47.916,60.0016,16.208,266.278,631.712,334,897.99,376.6978,493.6969561,518.9628,1.04375,0.93540625,1.177180625,1.542802988,2.162345
7680,23,31,B,75.991,160.8542,1,35.1684,62.7218,0,269.268,636.033,294.476,905.301,335.7354,447.0529581,523.6812,0.9202375,0.943021875,1.049173125,1.397040494,2.182005
7680,23,30,A,79.29,172.2822,1,47.916,60.0016,16.208,271.161,645.763,334,916.924,376.6978,493.6969561,529.4662,1.04375,0.955129167,1.177180625,1.542802988,2.206109167
7680,23,30,B,73.6002,157.4068,1,39.0636,64.2784,0,283.691,671.709,295.263,955.4,335.349,445.3959615,552.3746,0.922696875,0.995208333,1.047965625,1.39186238,2.301560833
7680,22,30,A,67.8828,164.7452,1,76.5138,54.358,22.288,280.214,684.688,350,964.902,386.7878,496.6026297,554.0892,1.09375,1.00510625,1.208711875,1.551883218,2.308705
7680,22,30,B,71.6226,173.0916,1,77.4998,61.896,0,274.007,700.035,345.855,974.042,385.11,501.0441102,554.021,1.080796875,1.014627083,1.20346875,1.565762844,2.308420833
7680,22,29,A,67.8828,164.7452,1,76.5138,54.358,22.288,286.675,703.765,350,990.44,386.7878,496.6026297,568.181,1.09375,1.031708333,1.208711875,1.551883218,2.367420833
7680,22,29,B,71.6226,173.0916,1,77.4998,61.896,0,291.645,700.35,345.855,991.995,385.11,501.0441102,571.785,1.080796875,1.033328125,1.20346875,1.565762844,2.3824375
7680,21,29,A,70.942,172.31,1,80.0224,56.8394,23.349,293.56,718.291,366,1011.851,404.4628,519.3536747,580.8764,1.14375,1.054011458,1.26394625,1.622980233,2.420318333
7680,21,29,B,72.9458,176.2098,1,79.0826,63.0198,0,296.949,713.244,352.269,1010.193,392.258,510.3073417,582.2466,1.100840625,1.052284375,1.22580625,1.594710443,2.4260275
7680,21,28,A,70.942,172.31,1,80.0224,56.8394,23.349,254.88,718.945,366,973.825,404.4628,519.3536747,542.458,1.14375,1.014401042,1.26394625,1.622980233,2.260241667
7680,21,28,B,72.9362,176.2102,1,79.0414,63.0616,0,267.096,713.209,352.287,980.305,392.2494,510.3155096,552.3796,1.100896875,1.021151042,1.225779375,1.594735968,2.301581667
7680,20,27,A,74.4196,180.8382,1,83.9372,59.6184,24.541,308.245,755.131,384,1063.376,424.3544,544.963851,610.2974,1.2,1.107683333,1.3261075,1.703012034,2.542905833
7680,20,27,B,73.0822,178.63,1,79.8284,67.1666,0,307.019,730.333,359.521,1037.352,399.7072,520.6767687,599.1522,1.123503125,1.080575,1.249085,1.627114902,2.4964675
7680,20,26,A,74.4196,180.8382,1,83.9372,59.6184,24.541,315.359,776.167,384,1091.526,424.3544,544.963851,625.8258,1.2,1.13700625,1.3261075,1.703012034,2.6076075
7680,20,26,B,72.677,177.7954,1,77.812,69.989,0,330.837,816.743,359.171,1147.58,399.2734,521.0154188,657.5342,1.122409375,1.195395833,1.247729375,1.628173184,2.739725833
7680,19,26,A,78.4618,190.808,1,88.5496,62.853,25.891,324.599,795.778,405,1120.377,447.5634,574.8455401,642.9102,1.265625,1.167059375,1.398635625,1.796392313,2.6787925
7680,19,26,B,74.5866,182.2152,1,81.5814,68.4498,0,344.663,838.235,366.819,1182.898,407.833,531.2282165,679.957,1.146309375,1.232185417,1.274478125,1.660088177,2.833154167
7680,19,25,A,78.4618,190.808,1,88.5496,62.853,25.891,331.953,817.534,405,1149.487,447.5634,574.8455401,658.9666,1.265625,1.197382292,1.398635625,1.796392313,2.745694167
7680,19,25,B,73.3376,178.088,1,80.2402,75.0064,0,341.325,809.569,367.118,1150.894,407.6722,531.8100541,665.1526,1.14724375,1.198847917,1.273975625,1.661906419,2.771469167
8160,24,32,A,80.6762,175.4932,1,48.7424,61.0806,16.481,230.161,643.292,340,873.453,383.4734,502.6392139,487.4778,1,0.856326471,1.127862941,1.478350629,1.911677647
8160,24,32,B,79.6228,168.4678,1,36.7968,65.6072,0,247.918,652.271,308.273,900.189,351.4946,468.0976941,508.8264,0.906685294,0.882538235,1.033807647,1.376757924,1.995397647
8160,23,31,A,84.211,183.2636,1,50.9392,63.776,17.21,283.079,672.5,355,955.579,400.3998,524.8767087,552.079,1.044117647,0.936842157,1.177646471,1.543755026,2.165015686
8160,23,31,B,80.809,170.9962,1,37.3692,66.5616,0,286.077,676.765,312.852,962.842,356.736,475.0897551,556.783,0.920152941,0.943962745,1.049223529,1.397322809,2.183462745
8160,23,30,A,84.211,183.2636,1,50.9392,63.776,17.21,288.222,687.331,355,975.553,400.3998,524.8767087,563.1544,1.044117647,0.95642451,1.177646471,1.543755026,2.208448627
8160,23,30,B,78.2316,167.3418,1,41.5032,68.2628,0,301.507,714.914,313.728,1016.421,356.3394,473.3618785,587.4726,0.922729412,0.996491176,1.048057059,1.392240819,2.303814118
8160,22,30,A,71.9166,174.672,1,81.1122,57.6268,23.669,297.79,728.944,371,1026.734,409.9966,526.4799622,589.3676,1.091176471,1.006601961,1.205872353,1.548470477,2.31124549
8160,22,30,B,76.0202,183.745,1,82.514,65.7366,0,291.112,744.794,367.312,1035.906,409.0158,532.1587377,589.0296,1.080329412,1.015594118,1.202987647,1.565172758,2.30992
8160,22,29,A,71.9166,174.672,1,81.1122,57.6268,23.669,304.471,748.681,371,1053.152,409.9966,526.4799622,603.9434,1.091176471,1.032501961,1.205872353,1.548470477,2.36840549
8160,22,29,B,76.0202,183.745,1,82.514,65.7366,0,309.898,745.073,367.312,1054.971,409.0158,532.1587377,607.9272,1.080329412,1.034285294,1.202987647,1.565172758,2.384028235
8160,21,29,A,75.398,183.2106,1,85.0478,60.3934,24.838,312.068,764.584,389,1076.652,429.8878,552.0881679,617.9016,1.144117647,1.055541176,1.264375882,1.623788729,2.423143529
8160,21,29,B,77.433,187.028,1,84.1592,66.9276,0,315.569,759.09,374.057,1074.659,416.5478,541.9240628,619.205,1.100167647,1.053587255,1.225140588,1.593894302,2.428254902
8160,21,28,A,75.398,183.2106,1,85.0478,60.3934,24.838,270.667,764.584,389,1035.251,429.8878,552.0881679,576.5006,1.144117647,1.014951961,1.264375882,1.623788729,2.260786667
8160,21,28,B,77.4044,186.995,1,84.1788,66.9526,0,283.624,758.526,374.084,1042.15,416.5308,541.8984001,587.0344,1.100247059,1.021715686,1.225090588,1.593818824,2.302095686
8160,20,27,A,79.0382,192.243,1,89.1766,63.3404,26.084,327.579,803.449,408,1131.028,450.8822,579.1332826,648.9586,1.2,1.10885098,1.326124118,1.703333184,2.544935686
8160,20,27,B,77.5468,189.7758,1,85.0096,71.275,0,326.211,776.969,381.936,1103.18,424.6072,553.1373598,636.9986,1.123341176,1.08154902,1.248844706,1.626874588,2.498033725
8160,20,26,A,79.0382,192.243,1,89.1766,63.3404,26.084,335.115,825.751,408,1160.866,450.8822,579.1332826,665.4154,1.2,1.138103922,1.326124118,1.703333184,2.609472157
8160,20,26,B,77.178,188.8728,1,82.843,74.29,0,351.574,868.764,381.573,1220.338,424.1838,553.5434243,699.0796,1.122273529,1.196409804,1.247599412,1.628068895,2.741488627
8160,19,26,A,83.3226,202.6988,1,94.0016,66.7332,27.452,344.896,846.574,430,1191.47,475.2082,610.4609438,683.5256,1.264705882,1.168107843,1.397671176,1.795473364,2.680492549
8160,19,26,B,79.0886,193.463,1,86.9546,72.7314,0,366.297,891.832,389.694,1258.129,433.2376,564.3205317,723.0298,1.146158824,1.233459804,1.274228235,1.65976627,2.83541098
8160,19,25,A,83.3226,202.6988,1,94.0016,66.7332,27.452,352.759,869.857,430,1222.616,475.2082,610.4609438,700.7018,1.264705882,1.198643137,1.397671176,1.795473364,2.747850196
8160,19,25,B,77.8186,189.1022,1,85.3718,79.7506,0,362.721,861.191,389.976,1223.912,433.0432,564.9576613,707.1974,1.146988235,1.199913725,1.273656471,1.66164018,2.773323137
8640,24,32,A,85.386,185.871,1,51.6392,64.6826,17.458,243.736,682.181,360,925.917,406.0368,532.2953701,516.6084,1,0.857330556,1.12788,1.47859825,1.913364444
8640,24,32,B,84.2676,178.2956,1,39.0324,69.5006,0,262.393,691.528,326.324,953.921,372.0962,495.588314,539.0042,0.906455556,0.883260185,1.033600556,1.376634206,1.996311852
8640,23,31,A,89.1516,194.1564,1,53.9462,67.5744,18.261,299.657,712.568,376,1012.225,424.0896,556.0201608,584.6842,1.044444444,0.93724537,1.178026667,1.544500447,2.165497037
8640,23,31,B,85.6126,180.9726,1,39.5928,70.5028,0,302.953,717.558,331.189,1020.511,377.6808,503.0361931,589.9762,0.919969444,0.944917593,1.049113333,1.397322759,2.185097037
8640,23,30,A,89.1516,194.1564,1,53.9462,67.5744,18.261,305.297,728.89,376,1034.187,424.0896,556.0201608,596.853,1.044444444,0.957580556,1.178026667,1.544500447,2.210566667
8640,23,30,B,82.8538,177.0492,1,44.0148,72.271,0,319.204,757.704,332.072,1076.908,377.1888,501.0910666,622.2856,0.922422222,0.997137037,1.047746667,1.391919629,2.304761481
8640,22,30,A,76.1444,185.1126,1,85.916,61.0212,25.112,315.28,772.588,393,1087.868,434.3062,557.7816056,624.3152,1.091666667,1.007285185,1.206406111,1.549393349,2.312278519
8640,22,30,B,80.5148,194.5728,1,87.4258,69.6526,0,308.111,789.478,388.976,1097.589,433.166,563.6449108,623.9022,1.080488889,1.016286111,1.203238889,1.565680308,2.310748889
8640,22,29,A,76.1444,185.1126,1,85.916,61.0212,25.112,322.547,794.083,393,1116.63,434.3062,557.7816056,640.1802,1.091666667,1.033916667,1.206406111,1.549393349,2.371037778
8640,22,29,B,80.5148,194.5728,1,87.4258,69.6526,0,328.123,789.769,388.976,1117.892,433.166,563.6449108,644.0306,1.080488889,1.035085185,1.203238889,1.565680308,2.385298519
8640,21,29,A,79.7902,194.1682,1,90.0542,63.9654,26.324,330.414,810.328,412,1140.742,455.302,584.8360874,654.5452,1.144444444,1.056242593,1.264727778,1.624544687,2.424241481
8640,21,29,B,82.0646,198.0722,1,89.0922,70.9386,0,334.102,804.374,396.141,1138.476,441.1676,574.0407076,655.8516,1.100391667,1.054144444,1.225465556,1.594557521,2.42908
8640,21,28,A,79.7902,194.1682,1,90.0542,63.9654,26.324,286.706,810.748,412,1097.454,455.302,584.8360874,611.0052,1.144444444,1.016161111,1.264727778,1.624544687,2.262982222
8640,21,28,B,82.0182,198.0296,1,89.1486,70.954,0,300.362,804.303,396.167,1104.665,441.1504,574.0036365,622.0832,1.100463889,1.022837963,1.225417778,1.594454546,2.304011852
8640,20,27,A,83.6852,203.6398,1,94.461,67.0598,27.574,346.879,851.671,432,1198.55,477.4198,613.3083315,687.5474,1.2,1.109768519,1.326166111,1.703634254,2.546471852
8640,20,27,B,82.074,200.828,1,90.2122,75.4468,0,345.446,823.62,404.381,1169.066,449.561,585.6454041,674.894,1.123280556,1.082468519,1.248780556,1.626792789,2.499607407
8640,20,26,A,83.6852,203.6398,1,94.461,67.0598,27.574,354.832,875.224,432,1230.056,477.4198,613.3083315,704.9216,1.2,1.138940741,1.326166111,1.703634254,2.610820741
8640,20,26,B,81.7028,199.9512,1,87.7058,78.6998,0,372.343,921.012,403.93,1293.355,449.0596,586.0877405,740.7478,1.122027778,1.197550926,1.247387778,1.628021501,2.74351037
8640,19,26,A,88.1816,214.4992,1,99.503,70.6064,29.06,365.16,897.298,455,1262.458,502.8502,646.0319251,724.0792,1.263888889,1.168942593,1.396806111,1.794533125,2.681774815
8640,19,26,B,83.7252,204.8056,1,92.0328,77.0132,0,387.85,945.312,412.482,1333.162,458.5768,597.4112054,765.9748,1.145783333,1.234409259,1.273824444,1.659475571,2.836943704
8640,19,25,A,88.1816,214.4992,1,99.503,70.6064,29.06,373.544,922.144,455,1295.688,502.8502,646.0319251,742.4016,1.263888889,1.199711111,1.396806111,1.794533125,2.749635556
8640,19,25,B,82.4156,200.3574,1,90.2408,84.4208,0,384.091,912.818,412.834,1296.909,458.4346,598.2218657,749.2182,1.146761111,1.200841667,1.273429444,1.661727405,2.774882222
9120,24,32,A,90.0884,196.2924,1,54.5152,68.2716,18.428,257.315,720.965,380,978.28,428.5956,561.9597793,545.701,1,0.858140351,1.127883158,1.478841524,1.914740351
9120,24,32,B,89.0922,188.1716,1,41.1924,73.3624,0,277.055,730.803,344.444,1007.858,392.8186,523.2351152,569.3762,0.906431579,0.884085965,1.033733158,1.376934514,1.997811228
9120,23,31,A,94.147,205.0686,1,56.9646,71.332,19.269,316.408,753.239,397,1069.647,447.7812,587.1619847,617.7036,1.044736842,0.938286842,1.178371579,1.545163118,2.167381053
9120,23,31,B,90.4442,190.9884,1,41.7192,74.4564,0,319.888,758.387,349.494,1078.275,398.6082,530.9928667,623.2428,0.919721053,0.945855263,1.048968947,1.397349649,2.186816842
9120,23,30,A,94.147,205.0686,1,56.9646,71.332,19.269,322.144,769.849,397,1091.993,447.7812,587.1619847,630.0836,1.044736842,0.957888596,1.178371579,1.545163118,2.210819649
9120,23,30,B,87.4306,186.9018,1,46.4304,76.348,0,337.029,800.767,350.474,1137.796,398.1108,528.9824709,657.3358,0.9223,0.998066667,1.04766,1.392059134,2.306441404
9120,22,30,A,80.3532,195.583,1,90.714,64.4332,26.524,332.967,816.766,415,1149.733,458.6074,589.0911748,659.6734,1.092105263,1.008537719,1.206861579,1.550239934,2.314643509
9120,22,30,B,85.0368,205.273,1,92.3416,73.5024,0,325.25,834.341,410.496,1159.591,457.1538,594.8855904,658.9864,1.080252632,1.017185088,1.203036316,1.565488396,2.312232982
9120,22,29,A,80.3532,195.583,1,90.714,64.4332,26.524,340.447,838.9,415,1179.347,458.6074,589.0911748,676.007,1.092105263,1.034514912,1.206861579,1.550239934,2.371954386
9120,22,29,B,85.0368,205.273,1,92.3416,73.5024,0,346.367,834.608,410.496,1180.975,457.1538,594.8855904,680.2102,1.080252632,1.035942982,1.203036316,1.565488396,2.386702456
9120,21,29,A,84.2972,205.082,1,95.085,67.504,27.764,348.758,856.153,435,1204.911,480.7322,617.5794731,691.2192,1.144736842,1.056939474,1.265084737,1.62520914,2.425330526
9120,21,29,B,86.4364,208.9144,1,94.1436,74.8518,0,352.629,849.907,417.882,1202.536,465.3462,605.5423561,692.5918,1.099689474,1.05485614,1.224595263,1.593532516,2.430146667
9120,21,28,A,84.2972,205.082,1,95.085,67.504,27.764,302.498,856.309,435,1158.807,480.7322,617.5794731,645.0216,1.144736842,1.016497368,1.265084737,1.62520914,2.263233684
9120,21,28,B,86.3964,208.8732,1,94.2048,74.858,0,316.774,849.304,417.915,1166.078,465.3324,605.5063187,656.4956,1.099776316,1.022875439,1.224558947,1.593437681,2.303493333
9120,20,27,A,88.3564,214.9804,1,99.7312,70.7546,29.133,366.188,899.995,456,1266.183,503.9556,647.4534787,726.186,1.2,1.110686842,1.326198947,1.703824944,2.548021053
9120,20,27,B,86.6224,211.9244,1,95.213,79.6942,0,364.582,869.908,426.772,1234.49,474.454,618.1487168,712.5452,1.123084211,1.082885965,1.248563158,1.626707149,2.500158596
9120,20,26,A,88.3564,214.9804,1,99.7312,70.7546,29.133,374.558,924.799,456,1299.357,503.9556,647.4534787,744.4776,1.2,1.139786842,1.326198947,1.703824944,2.612202105
9120,20,26,B,86.2364,211.0608,1,92.6438,83.0652,0,393.061,973.08,426.366,1366.141,474.0062,618.6993733,782.293,1.122015789,1.198369298,1.247384737,1.628156246,2.744887719
9120,19,26,A,92.9742,226.3708,1,104.9524,74.442,30.724,385.481,948.31,480,1333.791,530.4634,681.5845417,764.805,1.263157895,1.169992105,1.395956316,1.793643531,2.683526316
9120,19,26,B,88.4376,216.28,1,97.1552,81.323,0,409.487,998.856,435.493,1408.343,484.1958,630.8656471,809.0294,1.146034211,1.235388596,1.274199474,1.660172756,2.838699649
9120,19,25,A,92.9742,226.3708,1,104.9524,74.442,30.724,394.322,974.527,480,1368.849,530.4634,681.5845417,784.1328,1.263157895,1.200744737,1.395956316,1.793643531,2.751343158
9120,19,25,B,87.0404,211.4406,1,95.3148,89.18,0,405.463,964.276,435.772,1369.739,483.9758,631.5993258,791.1734,1.146768421,1.201525439,1.273620526,1.662103489,2.776047018
9600,24,32,A,94.8536,206.6424,1,57.3958,71.8522,19.423,270.93,759.803,400,1030.733,451.167,591.6114369,574.8512,1,0.858944167,1.1279175,1.479028592,1.916170667
9600,24,32,B,93.7696,198.0628,1,43.3644,77.2538,0,291.864,770.017,362.516,1061.881,413.4506,550.7892819,599.8708,0.90629,0.884900833,1.0336265,1.376973205,1.999569333
9600,23,31,A,99.092,215.9986,1,59.9494,75.0938,20.333,333.116,793.775,418,1126.891,471.4668,618.3041056,650.626,1.045,0.939075833,1.178667,1.545760264,2.168753333
9600,23,31,B,95.127,200.9346,1,43.9704,78.4234,0,336.794,799.095,367.766,1135.889,419.4554,558.8209066,656.432,0.919415,0.946574167,1.0486385,1.397052267,2.188106667
9600,23,30,A,99.092,215.9986,1,59.9494,75.0938,20.333,339.219,811.486,418,1150.705,471.4668,618.3041056,663.8134,1.045,0.958920833,1.178667,1.545760264,2.212711333
9600,23,30,B,92.0296,196.6332,1,48.8328,80.4194,0,354.719,843.444,368.753,1198.163,418.915,556.7012679,692.0966,0.9218825,0.998469167,1.0472875,1.39175317,2.306988667
9600,22,30,A,84.6906,206.0236,1,95.5388,67.8214,27.877,350.41,860.287,437,1210.697,482.9514,620.4347544,694.5248,1.0925,1.008914167,1.2073785,1.551086886,2.315082667
9600,22,30,B,89.4218,216.0476,1,97.3332,77.3882,0,342.293,879.108,432.08,1221.401,481.1908,626.2047278,693.9362,1.0802,1.017834167,1.202977,1.56551182,2.313120667
9600,22,29,A,84.6906,206.0236,1,95.5388,67.8214,27.877,358.537,884.362,437,1242.899,482.9514,620.4347544,712.2818,1.0925,1.035749167,1.2073785,1.551086886,2.374272667
9600,22,29,B,89.4218,216.0476,1,97.3332,77.3882,0,364.645,879.387,432.08,1244.032,481.1908,626.2047278,716.3998,1.0802,1.036693333,1.202977,1.56551182,2.387999333
9600,21,29,A,88.7396,215.9226,1,100.1604,71.0674,29.268,367.128,902.008,458,1269.136,506.158,650.290235,727.9312,1.145,1.057613333,1.265395,1.625725588,2.426437333
9600,21,29,B,91.0916,220.0072,1,99.1456,78.804,0,371.266,895.582,440.028,1266.848,490.0484,637.7419182,729.4988,1.10007,1.055706667,1.225121,1.594354796,2.431662667
9600,21,28,A,88.7396,215.9226,1,100.1604,71.0674,29.268,318.528,902.554,458,1221.082,506.158,650.290235,679.5496,1.145,1.017568333,1.265395,1.625725588,2.265165333
9600,21,28,B,91.0378,219.967,1,99.1976,78.806,0,333.587,895.282,440.043,1228.869,490.0084,637.6762693,691.6998,1.1001075,1.0240575,1.225021,1.594190673,2.305666
9600,20,27,A,92.9742,226.3708,1,104.9524,74.442,30.724,385.481,948.31,480,1333.791,530.4634,681.5845417,764.805,1.2,1.1114925,1.3261585,1.703961354,2.54935
9600,20,27,B,91.232,223.123,1,100.2568,83.865,0,383.851,916.711,449.237,1300.562,499.4768,650.8049252,750.5354,1.1230925,1.083801667,1.248692,1.627012313,2.501784667
9600,20,26,A,92.9742,226.3708,1,104.9524,74.442,30.724,394.322,974.527,480,1368.849,530.4634,681.5845417,784.1328,1.2,1.1407075,1.3261585,1.703961354,2.613776
9600,20,26,B,90.701,222.247,1,97.5198,87.4462,0,413.717,1025.222,448.769,1438.939,498.914,651.3038356,823.8058,1.1219225,1.199115833,1.247285,1.628259589,2.746019333
9600,19,26,A,97.992,238.603,1,110.681,78.4598,32.454,405.913,999.148,506,1405.061,559.1898,718.5327816,805.5722,1.265,1.170884167,1.3979745,1.796331954,2.685240667
9600,19,26,B,93.0724,227.7156,1,102.1674,85.6232,0,431.01,1052.101,458.311,1483.111,509.5786,664.0503297,851.8504,1.1457775,1.235925833,1.2739465,1.660125824,2.839501333
9600,19,25,A,97.992,238.603,1,110.681,78.4598,32.454,415.044,1026.235,506,1441.279,559.1898,718.5327816,825.538,1.265,1.201065833,1.3979745,1.796331954,2.751793333
9600,19,25,B,91.5752,222.4962,1,100.3784,93.8446,0,426.786,1015.808,458.575,1442.594,509.2944,664.6872846,833.1092,1.1464375,1.202161667,1.273236,1.661718212,2.777030667
